3224;veterschoen  met grote tekstab;012345678-0;49.00;;85;103;22;155;2;91;2000-01-01;2000-01-01;2000-01-01;109.00;109.00;109.00;1;22;181;1001;0;0;0;;159.00;0;0;0;1;2017-03-23 16:15:29;;0;F391D9E6DCE51192E043401CBC59A0A2;
3225;Cindy BH;7654321;36.86;;69;104;53;105;2;92;2000-01-01;2000-01-01;2000-01-01;84.95;79.95;84.95;1;23;145;110;0;0;0;;89.95;0;0;0;1;2017-03-29 11:51:24;;0;F391D9E6DCE51192E043401CBC59A0A2;
3226;Aurora BH;1234567;36.86;;85;104;53;105;2;92;2000-01-01;2000-01-01;2000-01-01;82.95;79.95;84.95;1;23;145;100;0;0;0;;89.95;0;0;0;1;2017-03-23 14:58:17;;0;F391D9E6DCE51192E043401CBC59A0A2;
3227;Aurora BH;1234567;36.86;;69;104;53;105;2;92;2000-01-01;2000-01-01;2000-01-01;84.95;79.95;84.95;1;23;145;110;0;0;0;;89.95;0;0;0;1;2017-03-23 14:58:17;;0;F391D9E6DCE51192E043401CBC59A0A2;
3228;Perle luxe slip;56789;22.11;;85;104;53;106;2;92;2000-01-01;2000-01-01;2000-01-01;49.95;44.95;49.95;1;23;178;100;0;0;0;;53.95;0;0;0;1;2017-03-23 14:58:17;;0;F391D9E6DCE51192E043401CBC59A0A2;
3229;Perle luxe slip;98765;22.11;;69;104;53;106;2;92;2000-01-01;2000-01-01;2000-01-01;49.95;44.95;49.95;1;23;178;110;0;0;0;;53.95;0;0;0;1;2017-03-23 14:58:17;;0;F391D9E6DCE51192E043401CBC59A0A2
3230;Veterschoen;1003335;83.00;;70;106;22;155;2;91;2000-01-01;2000-01-01;2000-01-01;179.00;179.00;179.00;1;23;181;Blauw;0;0;0;;179.00;0;0;0;1;2017-03-23 14:58:17;;0;F391D9E6DCE51192E043401CBC59A0A2
3232;Veterschoen;1212144;99.00;;71;106;22;155;2;91;2000-01-01;2000-01-01;2000-01-01;219.00;219.00;219.00;1;23;181;Bruin;0;0;0;;219.00;0;0;0;1;2017-03-23 14:58:17;;0;F391D9E6DCE51192E043401CBC59A0A2
3233;Veterschoen;1212445;79.00;;85;106;22;155;2;91;2000-01-01;2000-01-01;2000-01-01;199.00;199.00;199.00;1;23;181;Zwart;0;0;0;;199.00;0;0;0;1;2017-03-23 14:58:17;;0;F391D9E6DCE51192E043401CBC59A0A2
3234;Kassa PC ;PC-1;595.00;zeer goede PC;72;103;45;107;2;91;2000-01-01;2000-01-01;2000-01-01;595.00;595.00;595.00;1;24;178;.;0;0;0;Complete computer met Windows 7 ;595.00;0;0;0;1;2017-03-23 14:58:17;;0;F391D9E6DCE51192E043401CBC59A0A2
3235;Shuttle PC;PC-1;595.00;zeer goede PC;72;103;45;107;2;91;2000-01-01;2000-01-01;2000-01-01;595.00;595.00;595.00;1;24;0;.;0;0;0;Complete compacte computer met Windows 7 ;595.00;0;0;0;1;2017-03-23 14:58:17;;0;F391D9E6DCE51192E043401CBC59A0A2
3236;Toetsenbord st;PC-3;26.50;Standaard toetsenbord en muis;72;103;45;108;2;91;2000-01-01;2000-01-01;2000-01-01;27.50;27.50;27.50;1;24;178;.;0;0;0;;27.50;0;0;0;1;2017-03-23 14:58:17;;0;F391D9E6DCE51192E043401CBC59A0A2
3237;Toetsenbord draadloos;PC-4;43.50;Draadloze toetsenbord en muis;72;103;45;108;2;91;2000-01-01;2000-01-01;2000-01-01;44.50;43.50;43.50;1;24;178;.;0;0;0;;44.50;0;0;0;1;2017-03-23 14:58:17;;0;F391D9E6DCE51192E043401CBC59A0A2
3238;Tablet HP Elitepad 1000;PC-4;748.00;Tablet kassa;72;103;45;127;2;91;2000-01-01;2000-01-01;2000-01-01;749.00;748.00;748.00;1;24;178;.;0;0;0;;749.00;0;0;0;1;2017-03-23 14:58:17;;0;F391D9E6DCE51192E043401CBC59A0A2
3239;Elitepad retail jacket;PC-6;548.00;HP Elitepad retail jacket with battery;72;103;45;127;2;91;2000-01-01;2000-01-01;2000-01-01;549.00;549.00;549.00;1;24;178;.;0;0;0;;549.00;0;0;0;1;2017-03-23 14:58:17;;0;F391D9E6DCE51192E043401CBC59A0A2
3241;Elitepad expansion-dock;PC-7;378.00;Expasion dock;85;103;45;127;2;91;2000-01-01;2000-01-01;2000-01-01;379.00;379.00;379.00;1;24;178;;0;0;0;;379.00;0;0;0;1;2017-03-23 14:58:17;;0;F391D9E6DCE51192E043401CBC59A0A2
3242;HP Elitepad complete set;PC-8;1676.00;;85;103;45;127;2;91;2000-01-01;2000-01-01;2000-01-01;1677.00;1677.00;1677.00;1;24;0;;0;0;0;;1677.00;0;0;0;1;2017-03-23 14:58:17;;0;F391D9E6DCE51192E043401CBC59A0A2
3243;Toripos core I-3;All-1a;1798.00;Poindus Toripos 815 Core I-3 2gb incl. Win7;107;103;45;107;2;91;2000-01-01;2000-01-01;2000-01-01;1799.00;1799.00;1799.00;1;24;181;1;0;0;0;;1799.00;1;0;0;1;2017-03-23 14:58:17;;0;F391D9E6DCE51192E043401CBC59A0A2
3244;Varipos core I-3;All-1b;1798.00;Poindus varipos pos 815 Core I-3 2gb incl. Win7;0;103;45;107;2;91;2000-01-01;2000-01-01;2000-01-01;1799.00;1799.00;1799.00;1;24;181;;0;0;0;;1799.00;0;0;0;1;2017-03-23 14:58:17;;0;F391D9E6DCE51192E043401CBC59A0A2
3245;Toripos Core I-5;all-2a;1998.00;;0;103;45;107;2;91;2000-01-01;2000-01-01;2000-01-01;1999.00;1999.00;1999.00;1;24;181;;0;0;0;;1999.00;0;0;0;1;2017-03-23 14:58:17;;0;F391D9E6DCE51192E043401CBC59A0A2
3246;Varipos Core I-5;all-2b;1998.00;Varipos Core i-5 2GB met winedows 7;0;103;45;107;2;91;2000-01-01;2000-01-01;2000-01-01;1999.00;1999.00;1999.00;1;24;181;;0;0;0;;1999.00;0;0;0;1;2017-03-23 14:58:17;;0;F391D9E6DCE51192E043401CBC59A0A2
3247;Touch monitor Ilyama 15;B-1;418.00;Ilyama touch monitor 15;85;103;45;111;2;91;2000-01-01;2000-01-01;2000-01-01;419.00;419.00;419.00;1;24;178;;0;0;0;;419.00;0;0;0;1;2017-03-23 14:58:17;;0;F391D9E6DCE51192E043401CBC59A0A2
3248;Touch monitor Ilyama 17;B-2;479.00;Ilyama touch monitor 17;85;103;45;111;2;91;2000-01-01;2000-01-01;2000-01-01;479.00;479.00;479.00;1;24;178;;0;0;0;;479.00;0;0;0;1;2017-03-23 14:58:17;;0;F391D9E6DCE51192E043401CBC59A0A2
3249;Touchscreen 15 poindus ;B-3;599.00;Poindus  touch monitor 15;85;103;45;111;2;91;2000-01-01;2000-01-01;2000-01-01;599.00;599.00;599.00;1;24;178;;0;0;0;;599.00;0;0;0;1;2017-03-23 14:58:17;;0;F391D9E6DCE51192E043401CBC59A0A2
3250;Kleurendisplay 10,4 Tori;B-5;549.00;Kleurendisplay 10,4 inch. voor bevestiging op Toripos incl. bekabeling, voeding rearcover en montage;85;103;45;111;2;91;2000-01-01;2000-01-01;2000-01-01;549.00;349.00;349.00;1;24;178;;0;0;0;;549.00;0;0;0;1;2017-03-23 14:58:17;;0;F391D9E6DCE51192E043401CBC59A0A2
3251;Kleurendisplay 7;B-4;349.00;7 inch LCD kleurendisplay bevestiging voor op de VariTouch en toripos;85;103;45;111;2;91;2000-01-01;2000-01-01;2000-01-01;349.00;349.00;349.00;1;24;178;;0;0;0;;349.00;0;0;0;1;2017-03-23 14:58:17;;0;F391D9E6DCE51192E043401CBC59A0A2
3252;Kleurendisplay 8;B-6;249.00;8 inch LCD kleurendisplay los te monteren;85;103;45;111;2;91;2000-01-01;2000-01-01;2000-01-01;249.00;349.00;349.00;1;24;178;;0;0;0;;249.00;0;0;0;1;2017-03-23 14:58:17;;0;F391D9E6DCE51192E043401CBC59A0A2
3253;Brother HL-2240;P-1;116.00;;85;103;45;127;2;91;2000-01-01;2000-01-01;2000-01-01;116.00;116.00;116.00;1;24;181;;0;0;0;;116.00;0;0;0;1;2017-03-23 14:58:17;;0;F391D9E6DCE51192E043401CBC59A0A2
3254;kassabonpinter CT-S651;P-2;289.00;thermische bonprinter;85;103;45;127;2;91;2000-01-01;2000-01-01;2000-01-01;289.00;116.00;116.00;1;24;178;;0;0;0;;289.00;0;0;0;1;2017-03-23 14:58:17;;0;F391D9E6DCE51192E043401CBC59A0A2
3255;Labelprinter 521;P-3;395.00;Labelprinter thermisch, hangkaartjes en stikkers;85;103;45;127;2;91;2000-01-01;2000-01-01;2000-01-01;395.00;395.00;395.00;1;24;178;;0;0;0;;395.00;0;0;0;1;2017-03-23 14:58:17;;0;F391D9E6DCE51192E043401CBC59A0A2
3256;Labelprinter CL-S300;P-4;345.00;Labelprinter thermisch alleen stikkers;85;103;45;127;2;91;2000-01-01;2000-01-01;2000-01-01;345.00;395.00;395.00;1;24;178;;0;0;0;;345.00;0;0;0;1;2017-03-23 14:58:17;;0;F391D9E6DCE51192E043401CBC59A0A2
3257;Labelprinter 621;P-5;585.00;Labelprinter thermisch en direct, hangkaartjes en stikkers;85;103;45;127;2;91;2000-01-01;2000-01-01;2000-01-01;585.00;395.00;395.00;1;24;178;;0;0;0;;585.00;0;0;0;1;2017-03-23 14:58:17;;0;F391D9E6DCE51192E043401CBC59A0A2
3258;Laserscanner opticon;S-1;189.00;EAN13 barcode scanner (streepjes);85;103;45;127;2;91;2000-01-01;2000-01-01;2000-01-01;189.00;189.00;189.00;1;24;178;zw;0;0;0;;189.00;0;0;0;1;2017-03-23 14:58:17;;0;F391D9E6DCE51192E043401CBC59A0A2
3259;2D scanner opticon;S-2;249.00;2D barcode scanner (ook QR code);85;103;45;127;2;91;2000-01-01;2000-01-01;2000-01-01;249.00;249.00;249.00;1;24;178;zw;0;0;0;;249.00;0;0;0;1;2017-03-23 14:58:17;;0;F391D9E6DCE51192E043401CBC59A0A2
3260;2D BT scanner;S-3;552.00;2D bluetooth scanner (draadloos);85;103;45;127;2;91;2000-01-01;2000-01-01;2000-01-01;552.00;189.00;189.00;1;24;178;zw;0;0;0;;552.00;0;0;0;1;2017-03-23 14:58:17;;0;F391D9E6DCE51192E043401CBC59A0A2
3261;Balansscanner PX-20;S-6;388.00;De PX-20 Datacollector van Opticon vervangt vanaf vandaag de OPN2001. Deze datacollector heeft een aantal nieuwe mogelijkheden, zoals 2D scanmogelijkheid, ondersteuning van QR codes en indien gewenst draadloze overdracht middels bluetooth technologie. Wat blijft is zijn kleine formaat van 34 x 71 x 15 mm en de hoge gebruiksvriendelijkheid. ;85;103;45;127;2;91;2000-01-01;2000-01-01;2000-01-01;388.00;388.00;388.00;1;24;178;zw;0;0;0;De PX-20 Datacollector van Opticon vervangt vanaf vandaag de OPN2001. Deze datacollector heeft een aantal nieuwe mogelijkheden, zoals 2D scanmogelijkheid, ondersteuning van QR codes en indien gewenst draadloze overdracht middels bluetooth technologie. Wat blijft is zijn kleine formaat van 34 x 71 x 15 mm en de hoge gebruiksvriendelijkheid. ;388.00;0;0;0;1;2017-03-23 14:58:17;;0;F391D9E6DCE51192E043401CBC59A0A2
3262;kassalade duracash;K-1;149.00;;85;103;45;127;2;91;2000-01-01;2000-01-01;2000-01-01;149.00;149.00;149.00;1;24;178;;0;0;0;;149.00;0;0;0;1;2017-03-23 14:58:17;;0;F391D9E6DCE51192E043401CBC59A0A2
3263;kassalade klein;K-2;129.00;;85;103;45;127;2;91;2000-01-01;2000-01-01;2000-01-01;129.00;129.00;129.00;1;24;178;;0;0;0;;129.00;0;0;0;1;2017-03-23 14:58:17;;0;F391D9E6DCE51192E043401CBC59A0A2
3264;Anti virusscanner;V-1;41.25;Voor 1 PC voor een jaar;0;133;45;127;2;91;2000-01-01;2000-01-01;2000-01-01;41.25;41.25;41.25;1;24;181;;0;0;0;;41.25;0;0;0;1;2017-03-23 14:58:17;;0;F391D9E6DCE51192E043401CBC59A0A2
3271;Rubber duck blue;82022D;2.20;;70;118;49;127;2;94;2000-01-01;2000-01-01;2000-01-01;5.50;5.50;5.50;1;24;178;;0;0;0;;5.50;0;0;0;1;2017-03-23 14:58:17;;0;F391D9E6DCE51192E043401CBC59A0A2
3274;Baby mutsje girl;50006;4.00;Op dit perfect passend zachte 100% katoenen mutsje staat de tekst before you ask I'm a girl. 0 - 3 maanden;69;118;58;127;2;94;2000-01-01;2000-01-01;2000-01-01;8.95;8.95;8.95;1;24;178;;0;0;0;;8.95;0;0;0;1;2017-03-23 14:58:17;;0;F391D9E6DCE51192E043401CBC59A0A2
3277;Shirt ster;50204AS-AM-AL`;5.00;Op dit mooie, zachte, 100% witte katoenen t shirt zit een ster.;69;118;58;121;2;94;2000-01-01;2000-01-01;2000-01-01;11.95;11.95;11.95;1;24;143;;0;0;0;;11.95;0;0;0;1;2017-03-23 14:58:17;;0;F391D9E6DCE51192E043401CBC59A0A2
3280;voetbal;81012C;3.60;Zachte nep leren voetbal. diameter: 12cm, een perfecte babymaat om mee te oefenen. Artikelnummer: 81012C;69;118;58;124;2;94;2000-01-01;2000-01-01;2000-01-01;7.95;7.95;7.95;1;24;127;1;0;0;0;;7.95;0;0;0;1;2017-03-23 14:58:17;;0;F391D9E6DCE51192E043401CBC59A0A2
3283;Baby-pakje;81538;8.00;Dit is een test voor interne opmerkingen 1234567890 !!! !@#$%^&*;69;118;58;138;2;94;2000-01-01;2000-01-01;2000-01-01;29.00;29.00;29.00;1;24;144;;0;0;0;Dit is een test voor externe opmerkingen 1234567890 !!! !@#$%^&*;17.50;0;0;0;1;2017-03-23 14:58:17;romper,baby,marice,testje,steekwoorden;0;F391D9E6DCE51192E043401CBC59A0A2
3286;Accessoires;nvt;0.00;;73;118;45;127;2;91;2000-01-01;2000-01-01;2000-01-01;0.00;0.00;0.00;1;24;178;nvt;0;0;0;;0.00;0;0;0;1;2017-03-23 14:58:17;;0;F391D9E6DCE51192E043401CBC59A0A2
3292;test;TEST;10.00;;85;118;49;127;2;97;2000-01-01;2000-01-01;2000-01-01;25.00;25.00;25.00;1;24;181;12;0;0;0;;25.00;0;0;0;1;2017-03-23 14:58:17;;0;F391D9E6DCE51192E043401CBC59A0A2
3295;Cameleon;123-12;500.00;;70;118;58;131;2;98;2000-01-01;2000-01-01;2000-01-01;1029.00;1029.00;1029.00;1;24;141;12;0;0;0;De iconische all-in-one kinderwagen is licht en compact, dus gemakkelijk te tillen en mee te nemen. De multi-terrain Bugaboo Cameleon³ is ideaal voor je pasgeboren baby of kleuter en geschikt voor elk terrein – of het nu stad, bos, strand of sneeuw is. Bovendien zorgen de allerbeste materialen en de eindeloze accessoire combinaties ervoor dat je kind comfortabel blijft onder alle mogelijke weersomstandigheden: voorjaarsbuien, warme zomerdagen, winderige herfstmiddagen en koude winterochtenden. De nieuwe en verbeterde draagbeugel kan gedraaid worden, zodat je gemakkelijk je kindje kunt oppakken uit de wieg. Om precies te zien wat je ontvangt bij een Bugaboo Cameleon³ kun je het kopje 'wat je krijgt' in het blok hieronder bekijken.;1029.00;0;0;0;1;2017-03-23 14:58:17;;0;F391D9E6DCE51192E043401CBC59A0A2
3301;test;test;1.00;;72;103;22;127;2;98;2000-01-01;2000-01-01;2000-01-01;4.00;4.00;4.00;1;22;181;;0;0;0;;5.00;0;0;0;1;2017-03-23 16:15:29;;0;F391D9E6DCE51192E043401CBC59A0A2
3302;T-Shirt ;nvt;0.00;;73;118;49;127;2;91;2000-01-01;2000-01-01;2000-01-01;10.00;10.00;10.00;1;24;178;nvt;0;0;0;;0.00;0;0;0;1;2017-03-23 14:58:17;;0;F391D9E6DCE51192E043401CBC59A0A2
3303;Overhemden;nvt;0.00;;73;118;49;127;2;91;2000-01-01;2000-01-01;2000-01-01;20.00;20.00;20.00;1;24;178;nvt;0;0;0;;0.00;0;0;0;1;2017-03-23 14:58:17;;0;F391D9E6DCE51192E043401CBC59A0A2
3304;Boeken;nvt;0.00;;73;118;49;127;3;91;2000-01-01;2000-01-01;2000-01-01;0.00;0.00;0.00;1;24;178;nvt;0;0;0;;0.00;0;0;0;1;2017-03-23 14:58:17;;0;F391D9E6DCE51192E043401CBC59A0A2
3305;Broeken;nvt;0.00;;73;118;39;127;2;91;2000-01-01;2000-01-01;2000-01-01;15.00;15.00;15.00;1;24;178;nvt;0;0;0;;0.00;0;0;0;1;2017-03-23 14:58:17;;0;F391D9E6DCE51192E043401CBC59A0A2
3306;jas;nvt;1.00;;73;118;45;127;2;91;2000-01-01;2000-01-01;2000-01-01;25.00;25.00;25.00;1;24;178;nvt;0;0;0;;0.00;0;0;0;1;2017-03-23 14:58:17;;0;F391D9E6DCE51192E043401CBC59A0A2
3307;Eten & Drinken;nvt;0.00;;73;118;45;127;3;91;2000-01-01;2000-01-01;2000-01-01;0.00;0.00;0.00;1;24;178;nvt;0;0;0;;0.00;0;0;0;1;2017-03-23 14:58:17;;0;F391D9E6DCE51192E043401CBC59A0A2
3308;Huishoudelijk;nvt;0.00;;73;118;49;127;2;91;2000-01-01;2000-01-01;2000-01-01;0.00;0.00;0.00;1;24;178;nvt;0;0;0;;0.00;0;0;0;1;2017-03-23 14:58:17;;0;F391D9E6DCE51192E043401CBC59A0A2
3309;Kook artikelen;nvt;0.00;;73;118;46;127;2;91;2000-01-01;2000-01-01;2000-01-01;0.00;0.00;0.00;1;46;178;nvt;0;0;1;;0.00;0;0;0;1;2017-03-23 14:58:17;;0;F391D9E6DCE51192E043401CBC59A0A2
3310;Glaswerk;nvt;0.00;;73;118;49;127;2;91;2000-01-01;2000-01-01;2000-01-01;0.00;0.00;0.00;1;24;178;nvt;0;0;0;;0.00;0;0;0;1;2017-03-23 14:58:17;;0;F391D9E6DCE51192E043401CBC59A0A2
3311;Servies;nvt;0.00;;73;118;49;127;2;91;2000-01-01;2000-01-01;2000-01-01;0.00;0.00;0.00;1;24;178;nvt;0;0;0;;0.00;0;0;0;1;2017-03-23 14:58:17;;0;F391D9E6DCE51192E043401CBC59A0A2
3312;Fiets onderhoud;nvt;0.00;;73;118;49;127;2;91;2000-01-01;2000-01-01;2000-01-01;0.00;0.00;0.00;1;24;178;nvt;0;0;0;;0.00;0;0;0;1;2017-03-23 14:58:17;;0;F391D9E6DCE51192E043401CBC59A0A2
3313;Wax;nvt;0.00;;73;118;45;127;2;91;2000-01-01;2000-01-01;2000-01-01;0.00;0.00;0.00;1;24;178;nvt;0;0;0;;0.00;0;0;0;1;2017-03-23 14:58:17;;0;F391D9E6DCE51192E043401CBC59A0A2
3314;Poetsmiddel;nvt;0.00;;73;118;45;127;2;91;2000-01-01;2000-01-01;2000-01-01;0.00;0.00;0.00;1;24;178;nvt;0;0;0;;0.00;0;0;0;1;2017-03-23 14:58:17;;0;F391D9E6DCE51192E043401CBC59A0A2
3315;Cleaner;nvt;0.00;;73;118;45;127;2;91;2000-01-01;2000-01-01;2000-01-01;0.00;0.00;0.00;1;24;178;nvt;0;0;0;;0.00;0;0;0;1;2017-03-23 14:58:17;;0;F391D9E6DCE51192E043401CBC59A0A2
3316;Ketting;nvt;0.00;;73;118;49;127;2;91;2000-01-01;2000-01-01;2000-01-01;0.00;0.00;0.00;1;24;178;nvt;0;0;0;;0.00;0;0;0;1;2017-03-23 14:58:17;;0;F391D9E6DCE51192E043401CBC59A0A2
3317;Armband klein;nvt;0.00;;73;118;49;127;2;91;2000-01-01;2000-01-01;2000-01-01;0.00;0.00;0.00;1;24;178;nvt;0;0;0;;0.00;0;0;0;1;2017-03-23 14:58:17;;0;F391D9E6DCE51192E043401CBC59A0A2
3318;Armband groot;nvt;0.00;;73;118;49;127;2;91;2000-01-01;2000-01-01;2000-01-01;0.00;0.00;0.00;1;24;178;nvt;0;0;0;;0.00;0;0;0;1;2017-03-23 14:58:17;;0;F391D9E6DCE51192E043401CBC59A0A2
3319;Ringen;nvt;0.00;;73;118;49;127;2;91;2000-01-01;2000-01-01;2000-01-01;0.00;0.00;0.00;1;24;178;nvt;0;0;0;;0.00;0;0;0;1;2017-03-23 14:58:17;;0;F391D9E6DCE51192E043401CBC59A0A2
3320;Padded pak;11;25.00;;70;123;49;132;2;100;2000-01-01;2000-01-01;2000-01-01;50.00;50.00;50.00;1;23;141;01;0;0;0;;50.00;0;0;0;1;2017-03-23 14:58:17;;0;F391D9E6DCE51192E043401CBC59A0A2
3321;Padded pak;11;25.00;;85;123;49;132;2;100;2000-01-01;2000-01-01;2000-01-01;50.00;50.00;50.00;1;23;141;01;0;0;0;;50.00;0;0;0;1;2017-03-23 14:58:17;;0;F391D9E6DCE51192E043401CBC59A0A2
3322;Padded pak;13;25.00;;85;123;49;132;2;100;2000-01-01;2000-01-01;2000-01-01;50.00;50.00;50.00;1;23;141;03;0;0;0;;50.00;0;0;0;1;2017-03-23 14:58:17;;0;F391D9E6DCE51192E043401CBC59A0A2
3323;Padded pak;15;25.00;;85;123;49;132;2;100;2000-01-01;2000-01-01;2000-01-01;50.00;50.00;50.00;1;23;141;05;0;0;0;;50.00;0;0;0;1;2017-03-23 14:58:17;;0;F391D9E6DCE51192E043401CBC59A0A2
3324;Padded pak;13;25.00;;85;123;49;132;2;100;2000-01-01;2000-01-01;2000-01-01;50.00;50.00;50.00;1;23;141;03;0;0;0;;50.00;0;0;0;1;2017-03-23 14:58:17;;0;F391D9E6DCE51192E043401CBC59A0A2
3325;Nicolette;869-35-037;40.00;;85;124;53;173;2;92;2000-01-01;2000-01-01;2000-01-01;89.95;89.95;89.95;1;23;178;37;0;0;0;;89.95;0;0;0;1;2017-03-23 14:58:17;;0;F391D9E6DCE51192E043401CBC59A0A2
3326;Josien;31321;25.00;;85;124;53;133;2;92;2000-01-01;2000-01-01;2000-01-01;59.95;56.22;56.22;1;23;178;38;0;0;0;;59.95;0;0;0;1;2017-03-23 14:58:17;;0;F391D9E6DCE51192E043401CBC59A0A2
3327;Jane;2356;25.00;;70;124;53;173;2;101;2000-01-01;2000-01-01;2000-01-01;69.95;56.22;56.22;1;23;178;39;0;0;0;;69.95;0;0;0;1;2017-03-23 14:58:17;;0;F391D9E6DCE51192E043401CBC59A0A2
3328;Esther;78979;35.00;;71;124;53;173;2;101;2000-01-01;2000-01-01;2000-01-01;79.95;78.71;78.71;1;23;178;40;0;0;0;;79.40;0;0;0;1;2017-03-23 14:58:17;;0;F391D9E6DCE51192E043401CBC59A0A2
3329;ZbyZ top;863-47-019;12.00;;85;124;53;136;2;102;2000-01-01;2000-01-01;2000-01-01;24.95;24.95;24.95;1;23;178;44;0;0;0;Dames top van ZbyZ in een soepele licht transparante jersey kwaliteit. Het model heeft korte mouwen en is voorzien van een watervalhals. Materiaal: 100% polyester Kleur: Roze Lengte (cm): 78 Kraagvorm: Watervalhals Mouwlengte: Kort;24.95;0;0;0;1;2017-03-23 14:58:17;;0;F391D9E6DCE51192E043401CBC59A0A2
3330;ZbyZ top;863-47-020;12.00;;79;124;53;136;2;102;2000-01-01;2000-01-01;2000-01-01;24.95;24.95;24.95;1;23;178;020;0;0;0;Dames top van ZbyZ in een soepele licht transparante jersey kwaliteit. Het model heeft korte mouwen en is voorzien van een watervalhals. Materiaal: 100% polyester Kleur: Roze Lengte (cm): 78 Kraagvorm: Watervalhals Mouwlengte: Kort;24.95;0;0;0;1;2017-03-23 14:58:17;;0;F391D9E6DCE51192E043401CBC59A0A2
3331;ZbyZ top;863-47-030;12.00;;70;124;53;136;2;102;2000-01-01;2000-01-01;2000-01-01;24.95;24.95;24.95;1;23;178;030;0;0;0;Dames top van ZbyZ in een soepele licht transparante jersey kwaliteit. Het model heeft korte mouwen en is voorzien van een watervalhals. Materiaal: 100% polyester Kleur: Roze Lengte (cm): 78 Kraagvorm: Watervalhals Mouwlengte: Kort;24.95;0;0;0;1;2017-03-23 14:58:17;;0;F391D9E6DCE51192E043401CBC59A0A2
3332;ZbyZ top;863-47-050;12.00;;86;124;45;136;2;102;2000-01-01;2000-01-01;2000-01-01;24.95;24.95;24.95;1;23;178;050;0;0;0;Dames top van ZbyZ in een soepele licht transparante jersey kwaliteit. Het model heeft korte mouwen en is voorzien van een watervalhals. Materiaal: 100% polyester Kleur: Roze Lengte (cm): 78 Kraagvorm: Watervalhals Mouwlengte: Kort;24.95;0;0;0;1;2017-03-23 14:58:17;;0;F391D9E6DCE51192E043401CBC59A0A2
3333;Service;nvt;0.00;Opmerking 1;73;118;49;127;2;91;2000-01-01;2000-01-01;2000-01-01;0.00;0.00;0.00;1;24;178;nvt;0;0;0;;0.00;0;0;0;1;2017-03-23 14:58:17;;0;F391D9E6DCE51192E043401CBC59A0A2
3334;Broek ;28720;29.00;;70;103;49;127;3;94;2000-01-01;2000-01-01;2000-01-01;49.95;49.95;49.95;1;23;178;63;0;0;0;;0.00;0;0;0;1;2017-03-23 14:58:17;;0;F391D9E6DCE51192E043401CBC59A0A2
3338;Dagrugzak;1234;17.80;;85;123;49;132;2;100;2000-01-01;2000-01-01;2000-01-01;39.95;39.95;39.95;1;23;141;nvt;0;0;0;;49.95;0;0;0;1;2017-03-23 14:58:17;;0;F391D9E6DCE51192E043401CBC59A0A2
3356;rugzak;123.567;17.40;;85;123;49;132;2;100;2000-01-01;2000-01-01;2000-01-01;49.95;49.95;49.95;1;23;141;101;0;0;0;;49.95;0;0;0;1;2017-03-23 14:58:17;;0;F391D9E6DCE51192E043401CBC59A0A2
3357;Bungee;22255;15.00;;79;118;49;132;2;100;2000-01-01;2000-01-01;2000-01-01;39.95;39.95;39.95;1;23;141;102;0;0;0;;39.95;0;0;0;1;2017-03-23 14:58:17;;0;F391D9E6DCE51192E043401CBC59A0A2
3358;Bungee;22255;15.00;;77;118;49;132;2;100;2000-01-01;2000-01-01;2000-01-01;39.95;39.95;39.95;1;23;141;102;0;0;0;;39.95;0;0;0;1;2017-03-23 14:58:17;;0;F391D9E6DCE51192E043401CBC59A0A2
3361;Shirt ;2001;12.00;;85;126;22;121;2;103;2000-01-01;2000-01-01;2000-01-01;39.95;39.95;39.95;1;23;143;100;0;0;0;;39.95;0;0;0;1;2017-03-23 14:58:17;;0;F391D9E6DCE51192E043401CBC59A0A2
3362;Shirt;2002;14.00;;82;126;22;121;2;103;2000-01-01;2000-01-01;2000-01-01;39.95;39.95;39.95;1;23;143;101;0;0;0;;39.95;0;0;0;1;2017-03-23 14:58:17;;0;F391D9E6DCE51192E043401CBC59A0A2
3363;Shirt;2003;14.00;;83;126;22;121;2;103;2000-01-01;2000-01-01;2000-01-01;39.95;39.95;39.95;1;23;143;103;0;0;0;;39.95;0;0;0;1;2017-03-23 14:58:17;;0;F391D9E6DCE51192E043401CBC59A0A2
3364;Shirt;2004;14.00;;70;126;22;121;2;103;2000-01-01;2000-01-01;2000-01-01;39.95;39.95;39.95;1;23;143;104;0;0;0;;39.95;0;0;0;1;2017-03-23 14:58:17;;0;F391D9E6DCE51192E043401CBC59A0A2
3418;Polo20-4-2016;30077;21.00;;69;139;22;137;2;104;2000-01-01;2000-01-01;2000-01-01;79.95;79.95;79.95;1;23;143;10;0;0;0;;79.95;0;0;0;1;2017-04-14 17:12:35;;0;F391D9E6DCE51192E043401CBC59A0A2
3419;Polo;300789;23.00;Polo kortemouw;83;127;22;137;2;104;2000-01-01;2000-01-01;2000-01-01;89.95;89.95;89.95;1;23;143;200;0;0;0;;89.95;0;0;0;1;2017-03-23 14:58:17;;0;F391D9E6DCE51192E043401CBC59A0A2
3423;Polo;222288;26.00;;82;127;22;137;2;104;2000-01-01;2000-01-01;2000-01-01;89.95;89.95;89.95;1;23;143;22;0;0;0;;89.95;0;0;0;1;2017-03-23 14:58:17;;0;F391D9E6DCE51192E043401CBC59A0A2
3424;Polo;222299;26.00;;70;127;22;137;2;104;2000-01-01;2000-01-01;2000-01-01;89.95;89.95;89.95;1;23;143;33;0;0;0;;89.95;0;0;0;1;2017-03-23 14:58:17;;0;F391D9E6DCE51192E043401CBC59A0A2
3425;Polo;122144;22.00;;79;127;22;137;2;104;2000-01-01;2000-01-01;2000-01-01;89.95;89.95;89.95;1;23;143;55;0;0;0;;89.95;0;0;0;1;2017-03-23 14:58:17;;0;F391D9E6DCE51192E043401CBC59A0A2
3426;Polo;5555;22.00;;85;127;22;137;2;104;2000-01-01;2000-01-01;2000-01-01;89.95;89.95;89.95;1;23;143;99;0;0;0;;89.95;0;0;0;1;2017-03-23 14:58:17;;0;F391D9E6DCE51192E043401CBC59A0A2
3431;Polo LM;99987;33.00;;70;127;22;137;2;104;2000-01-01;2000-01-01;2000-01-01;119.95;119.95;119.95;1;32;144;225;0;0;0;;119.95;0;0;0;1;2017-03-23 14:58:17;;0;F391D9E6DCE51192E043401CBC59A0A2
3432;shirt;25587;33.00;;83;127;22;137;2;104;2000-01-01;2000-01-01;2000-01-01;119.95;119.95;119.95;1;32;144;225;0;0;0;;119.95;0;0;0;1;2017-03-23 14:58:17;;0;F391D9E6DCE51192E043401CBC59A0A2
3433;Sneaker Suede;500-4343;49.00;;71;128;22;155;2;105;2000-01-01;2000-01-01;2000-01-01;169.95;169.95;169.95;1;32;181;43;0;0;0;;169.95;0;0;0;1;2017-03-23 14:58:17;;0;F391D9E6DCE51192E043401CBC59A0A2
3434;Sneaker Suede;500-4345;49.00;;70;128;22;127;2;105;2000-01-01;2000-01-01;2000-01-01;169.95;169.95;169.95;1;32;178;45;0;0;0;;169.95;0;0;0;1;2017-03-23 14:58:17;;0;F391D9E6DCE51192E043401CBC59A0A2
3435;Schoen leder;512-4644;72.00;;88;128;22;155;2;105;2000-01-01;2000-01-01;2000-01-01;219.95;219.95;219.95;1;24;181;44;0;0;0;;219.95;0;0;0;1;2017-03-23 14:58:17;;0;F391D9E6DCE51192E043401CBC59A0A2
3441;Rubber duck;123;2.00;;82;118;49;124;2;94;2000-01-01;2000-01-01;2000-01-01;10.00;10.00;10.00;1;24;178;12;0;0;0;;10.00;0;0;0;1;2017-03-23 14:58:17;;0;F391D9E6DCE51192E043401CBC59A0A2
3453;Schoen leder;512-4644;72.00;;88;128;22;155;2;105;2000-01-01;2000-01-01;2000-01-01;219.95;219.95;219.95;1;24;181;44;0;0;0;;219.95;0;0;0;1;2017-03-23 14:58:17;;0;F391D9E6DCE51192E043401CBC59A0A2
3455;Werk voorbereiding;1111;0.00;;72;103;49;127;2;91;2000-01-01;2000-01-01;2000-01-01;250.00;250.00;250.00;1;24;178;.;0;0;0;;250.00;0;0;0;1;2017-03-23 14:58:17;;0;F391D9E6DCE51192E043401CBC59A0A2
3457;test;123;0.00;;70;103;49;127;2;91;2000-01-01;2000-01-01;2000-01-01;175.00;175.00;175.00;1;22;178;321;0;0;0;;175.00;0;0;0;1;2017-03-23 16:15:29;;0;F391D9E6DCE51192E043401CBC59A0A2
3459;StoreContrl Cloud;1231;0.00;;72;103;49;127;2;91;2000-01-01;2000-01-01;2000-01-01;700.00;700.00;700.00;1;24;178;1;0;0;0;;700.00;0;0;0;1;2017-03-23 14:58:17;;0;F391D9E6DCE51192E043401CBC59A0A2
3460;Schoen leder;512-4644;72.00;;85;128;22;155;2;105;2000-01-01;2000-01-01;2000-01-01;219.95;219.95;219.95;1;24;181;20;0;0;0;;219.95;0;0;0;1;2017-03-23 14:58:17;;0;F391D9E6DCE51192E043401CBC59A0A2
3461;Polo LS;25447;26.30;;70;127;22;137;2;104;2000-01-01;2000-01-01;2000-01-01;59.95;59.95;59.95;1;32;144;110;0;0;0;;0.00;0;0;0;1;2017-03-23 14:58:17;;0;F391D9E6DCE51192E043401CBC59A0A2
3462;Polo LS;211455;24.60;;70;127;22;137;2;104;2000-01-01;2000-01-01;2000-01-01;59.95;59.95;59.95;1;32;144;110;0;0;0;;0.00;0;0;0;1;2017-03-23 14:58:17;;0;F391D9E6DCE51192E043401CBC59A0A2
3463;Polo LS;556687;24.63;;83;127;22;137;2;104;2000-01-01;2000-01-01;2000-01-01;59.95;59.95;59.95;1;32;144;80;0;0;0;;0.00;0;0;0;1;2017-03-23 14:58:17;;0;F391D9E6DCE51192E043401CBC59A0A2
3464;Polo LS;556687;24.63;;77;127;22;137;2;104;2000-01-01;2000-01-01;2000-01-01;59.95;59.95;59.95;1;32;144;80;0;0;0;;0.00;0;0;0;1;2017-03-23 14:58:17;;0;F391D9E6DCE51192E043401CBC59A0A2
3465;Jeroen ;test123;2.00;;79;118;22;127;2;97;2000-01-01;2000-01-01;2000-01-01;40.00;40.00;40.00;1;24;178;;0;0;0;;0.00;0;0;0;1;2017-03-23 14:58:17;;0;F391D9E6DCE51192E043401CBC59A0A2
3478;test;d;1.00;;83;118;39;121;2;94;2000-01-01;2000-01-01;2000-01-01;2.00;2.00;2.00;1;22;178;d;0;0;0;;1.00;0;0;0;1;2017-03-23 16:15:29;;0;F391D9E6DCE51192E043401CBC59A0A2
3490;T-shirt;s;15.00;;69;126;22;121;2;112;2000-01-01;2000-01-01;2000-01-01;29.95;29.95;29.95;1;22;178;s;0;0;0;;29.95;0;0;0;1;2017-03-23 16:15:29;;0;F391D9E6DCE51192E043401CBC59A0A2
3499;T-shirt;79154;15.00;;85;126;22;121;2;112;2000-01-01;2000-01-01;2000-01-01;29.95;29.95;29.95;1;24;178;10;0;0;0;;29.95;0;0;0;1;2017-03-23 14:58:17;;0;F391D9E6DCE51192E043401CBC59A0A2
3502;T-shirt;79067-2;15.00;;70;126;58;142;2;112;2000-01-01;2000-01-01;2000-01-01;29.95;29.95;29.95;1;32;178;2;0;0;0;;29.95;0;0;0;1;2017-03-23 14:58:17;;0;F391D9E6DCE51192E043401CBC59A0A2
3523;de;131;20.00;;87;118;58;173;2;94;2000-01-01;2000-01-01;2000-01-01;50.00;50.00;50.00;1;32;181;12;0;0;0;;0.00;0;0;0;1;2017-03-23 14:58:17;;0;F391D9E6DCE51192E043401CBC59A0A2
3524;TEST OS;131;20.00;;87;118;58;173;2;94;2000-01-01;2000-01-01;2000-01-01;50.00;50.00;50.00;1;32;181;12;0;0;0;;0.00;0;0;0;1;2017-03-23 14:58:17;;0;F391D9E6DCE51192E043401CBC59A0A2
3525;test OS;OS123;50.00;;77;118;39;127;2;94;2000-01-01;2000-01-01;2000-01-01;121.00;121.00;121.00;1;23;178;1;0;0;0;Artikelnummer: TRW537 Herkomst: U.S.A. Verpakking: 500 Gram. Algemene Informatie: Sun Warrior proteïne poeder is een uniek proteïne poeder, omdat het bestaat uit maar liefst 85% rauwe plantaardige proteïne, wat uitzonderlijk hoog te noemen is in vergelijking met zo goed als elk ander proteïne product. Dit product wordt daarnaast geheel vervaardigt uit het endosperm en de zemelen van 100% biologisch geteelde bruine rijstkiemen en wordt volgens traditionele werkwijzen bereid. Dit proteïne poeder bevat een zeer grote hoeveelheid bijzonder gemakkelijk voor het lichaam op te nemen voedingsstoffen die een krachtige ondersteuning kunnen bieden aan mensen die dagelijks intensief fysiek werk verrichten of bijvoorbeeld een professionele sportcarrière uitoefenen. Voedingswaarde: Het moge duidelijk zijn dat Sun Warrior proteïne poeder een grote hoeveelheid eiwitten, oftewel proteïnen bevat. Daarnaast bevat het tevens alle 9 essentiële aminozuren, oftewel de aminozuren die het lichaam zelf niet weet aan te maken. Ook bevat het een flinke reeks niet-essentiële aminozuren, alsook vitamine B1, B2, B3, E en de mineralen kalium, ijzer en fosfor. Andere bouw- en voedingsstoffen voor ons lichaam zijn een flinke hoeveelheid aanwezige antioxidanten, zoals tocoferolen en tocotriënolen. Tocoferol is een andere benaming van vitamine E en tocotriënolen zijn bestanddelen van deze vitamine, welke tevens werkzaam is als antioxidant. Dit product bevat verder absoluut geen ongezonde vetten, kunstmatige toevoegingen, kunstmatige suikers of andere junk fillers. Ook is Sun Warrior proteïne poeder volledig vrij van gluten, zuivel- en sojaproducten. Toepassing: Sun Warrior proteïne poeder is dankzij de zijdezacht en bijzonder gladde structuur een ideaal en perfect middel voor overheerlijke superfood smoothies, shakes en lassies. Het is dankzij deze structuur ook een middel wat zich prima laat mengen met andere (rauwe) superfood poeders. Snij een aantal groentes (zoals bijv. komkomme;0.00;0;0;0;1;2017-03-23 14:58:17;;0;F391D9E6DCE51192E043401CBC59A0A2
3546;Rode BH, Changed wim;art.12;6.12;;83;103;53;127;2;94;2000-01-01;2000-01-01;2000-01-01;12.00;10.95;9.95;1;32;178;erg rood;0;0;0;;15.00;0;0;0;1;2017-03-23 14:58:17;;0;F391D9E6DCE51192E043401CBC59A0A2
3547;laken;1033-41-0921;0.00;;69;118;39;173;2;94;2000-01-01;2000-01-01;2000-01-01;0.00;0.00;0.00;1;22;141;saphire;0;0;0;;0.00;0;0;0;1;2017-03-23 16:15:29;;0;F391D9E6DCE51192E043401CBC59A0A2
3548;123456789012345678901234567890;512-4644;72.00;;88;128;22;155;2;105;2000-01-01;2000-01-01;2000-01-01;219.95;219.95;219.95;1;24;181;44;0;0;0;;219.95;0;0;0;1;2017-03-23 14:58:17;;0;F391D9E6DCE51192E043401CBC59A0A2
3550;vershillende prijs;1234-99;10.00;;87;118;22;173;2;100;2000-01-01;2000-01-01;2000-01-01;25.00;25.00;25.00;1;23;141;99;0;0;0;;0.00;0;0;0;1;2017-03-23 14:58:17;;0;F391D9E6DCE51192E043401CBC59A0A2
3552;jeans 3301;1223;50.00;;77;123;22;173;2;103;2000-01-01;2000-01-01;2000-01-01;99.95;99.95;99.95;1;32;127;10;0;0;0;;0.00;0;0;0;1;2017-03-23 14:58:17;;0;F391D9E6DCE51192E043401CBC59A0A2
3553;jeans 3301;65trq34t;50.00;;77;123;22;173;2;103;2000-01-01;2000-01-01;2000-01-01;99.95;99.95;99.95;1;32;127;10;0;0;0;;0.00;0;0;0;1;2017-03-23 14:58:17;;0;F391D9E6DCE51192E043401CBC59A0A2
3554;Laars met bit;2234-123;3.87;;87;133;45;140;3;94;2000-01-01;2000-01-01;2000-01-01;9.00;9.00;9.00;1;32;145;55;0;0;0;;10.00;0;0;0;1;2017-03-23 14:58:17;;0;F391D9E6DCE51192E043401CBC59A0A2
3555;Schoen leder test;512-755;72.00;;85;128;22;155;2;105;2000-01-01;2000-01-01;2000-01-01;219.95;219.95;219.95;1;24;181;44;0;0;0;;219.95;0;0;0;1;2017-03-23 14:58:17;;0;F391D9E6DCE51192E043401CBC59A0A2
3567;de;131;20.00;;87;118;58;173;2;94;2000-01-01;2000-01-01;2000-01-01;50.00;50.00;50.00;1;32;181;12;0;0;0;;0.00;0;0;0;1;2017-03-23 14:58:17;;0;F391D9E6DCE51192E043401CBC59A0A2
3569;12;12;7.00;;87;118;49;105;2;91;2000-01-01;2000-01-01;2000-01-01;15.00;15.00;15.00;1;32;178;12;0;0;0;;12.00;0;0;0;1;2017-03-23 14:58:17;;0;F391D9E6DCE51192E043401CBC59A0A2
3570;12;12;7.00;;87;118;49;105;2;91;2000-01-01;2000-01-01;2000-01-01;15.00;15.00;15.00;1;32;178;12;0;0;0;;12.00;0;0;0;1;2017-03-23 14:58:17;;0;F391D9E6DCE51192E043401CBC59A0A2
3572;12;12;7.00;;87;118;49;105;2;91;2000-01-01;2000-01-01;2000-01-01;15.00;15.00;15.00;1;32;178;12;0;0;0;;12.00;0;0;0;1;2017-03-23 14:58:17;;0;F391D9E6DCE51192E043401CBC59A0A2
3573;t;t;5.00;;70;118;49;127;2;97;2000-01-01;2000-01-01;2000-01-01;10.00;10.00;10.00;1;24;178;t;0;0;0;;0.00;0;0;0;1;2017-03-23 14:58:17;;0;F391D9E6DCE51192E043401CBC59A0A2
3574;11;11;7.00;;87;103;49;105;3;94;2000-01-01;2000-01-01;2000-01-01;15.00;15.00;15.00;1;32;178;11;0;0;0;;12.00;0;0;0;1;2017-03-23 14:58:17;;0;F391D9E6DCE51192E043401CBC59A0A2
3576;de;131;20.00;;87;118;58;173;2;94;2000-01-01;2000-01-01;2000-01-01;50.00;50.00;50.00;1;32;181;12;0;0;0;;0.00;0;0;0;1;2017-03-23 14:58:17;;0;F391D9E6DCE51192E043401CBC59A0A2
3577;T-shirt;8877876;15.00;;85;139;22;121;2;117;2000-01-01;2000-01-01;2000-01-01;29.95;29.95;29.95;1;24;178;10;0;0;0;;29.95;0;0;0;1;2017-03-23 14:58:17;;0;F391D9E6DCE51192E043401CBC59A0A2
3578;Sweater;98979797;30.00;niet meer bij te bestellen;82;139;22;121;2;117;2000-01-01;2000-01-01;2000-01-01;59.90;59.90;59.90;1;22;178;10;0;1;0;Mistral sweater;29.95;0;0;0;1;2017-01-24 10:25:43;Mistral,Surf,SUP;0;F391D9E6DCE51192E043401CBC59A0A2
3579;Tshirt kleur;98979797;15.00;;85;139;22;121;2;117;2000-01-01;2000-01-01;2000-01-01;29.95;29.95;29.95;1;24;178;10;0;0;0;;29.95;0;0;0;1;2017-03-23 14:58:17;;0;F391D9E6DCE51192E043401CBC59A0A2
3580;Hoodie;123411;30.00;;70;139;53;136;2;117;2000-01-01;2000-01-01;2000-01-01;59.95;49.95;39.95;1;32;178;33;0;0;0;;3.00;0;0;0;1;2017-03-23 14:58:17;;0;F391D9E6DCE51192E043401CBC59A0A2
3583;Jeans Regular fit;2009900-99;39.00;;70;126;22;146;2;103;2000-01-01;2000-01-01;2000-01-01;99.95;99.95;99.95;1;33;178;99;0;0;0;;0.00;0;0;0;1;2017-03-23 14:58:17;;0;F391D9E6DCE51192E043401CBC59A0A2
3584;Jeans Slim fit;2009600-99;39.00;;70;126;22;146;2;103;2000-01-01;2000-01-01;2000-01-01;99.95;99.95;99.95;1;33;178;99;0;0;0;;0.00;0;0;0;1;2017-03-23 14:58:17;;0;F391D9E6DCE51192E043401CBC59A0A2
3585;Jeans Slim fit;2009600-88;42.00;;70;126;22;146;2;103;2000-01-01;2000-01-01;2000-01-01;109.95;107.64;107.64;1;33;178;88;0;0;0;;0.00;0;0;0;1;2017-03-23 14:58:17;;0;F391D9E6DCE51192E043401CBC59A0A2
3586;Jeans Regular fit;2009900-88;39.00;;70;126;22;146;2;103;2000-01-01;2000-01-01;2000-01-01;99.95;99.95;99.95;1;33;178;88;0;0;0;;0.00;0;0;0;1;2017-03-23 14:58:17;;0;F391D9E6DCE51192E043401CBC59A0A2
3587;Jeans Regular fit;2009900-88;39.00;;70;126;22;146;2;103;2000-01-01;2000-01-01;2000-01-01;99.95;99.95;99.95;1;33;178;88;0;0;0;;0.00;0;0;0;1;2017-03-23 14:58:17;;0;F391D9E6DCE51192E043401CBC59A0A2
3588;Broodje;2009900-88;39.00;;70;126;22;146;2;103;2000-01-01;2000-01-01;2000-01-01;99.95;99.95;99.95;1;33;178;88;0;0;0;;0.00;0;0;0;1;2017-03-23 14:58:17;;0;F391D9E6DCE51192E043401CBC59A0A2
3590;Jeans Slimfit;999-96;34.90;;70;126;22;146;2;103;2000-01-01;2000-01-01;2000-01-01;99.99;99.99;99.99;1;33;178;96;0;0;0;;0.00;0;0;0;1;2017-03-23 14:58:17;;0;F391D9E6DCE51192E043401CBC59A0A2
3591;Roofmijt/kasspint;1008;15.00;;73;133;45;140;2;102;2000-01-01;2000-01-01;2000-01-01;32.50;32.50;32.50;1;24;178;10;0;0;0;De roofmijt is een rode mijt van 0,6 mm die zich snel beweegt en die direct op zoek gaat naar spint. De roofmijt leeft hoofdzakelijk van spint en spinteieren, die hij leeg zuigt en opeet. De roofmijten worden verpakt in een flesje van 1000 stuk. 1 flesje is voor een oppervlakte van 50m2. Wilt u dus ongedierte in uw tuin op een natuurlijk wijze bestrijden, dan is dit de meest natuurlijke oplossing tegen spint. U ontvangt een kaart waarop u uw adres gegevens kunt invullen en de datum waarop u de beestjes wil ontvangen op uw eigen adres. Vervolgens krijgt u na slechts enkele dagen de beestjes toegestuurd. Gebruik: De inhoud van het flesje uitstrooien op de bladeren van de plant. Let op! Deze kaart is alleen geldig voor Nederland;0.00;0;0;0;1;2017-03-23 14:58:17;kasspint,Bladluizen,Biobet;0;F391D9E6DCE51192E043401CBC59A0A2
3600;Broodje;2009900-88;39.00;;70;126;22;146;2;103;2000-01-01;2000-01-01;2000-01-01;99.95;99.95;99.95;1;33;178;88;0;0;0;;0.00;0;0;0;1;2017-03-23 14:58:17;;0;F391D9E6DCE51192E043401CBC59A0A2
3602;wingweb;134567;666.00;wdw;77;103;39;146;2;98;2000-01-01;2000-01-01;2000-01-01;668.00;668.00;668.00;1;32;178;13457;0;0;0;;667.00;0;0;0;1;2017-03-23 14:58:17;;0;F391D9E6DCE51192E043401CBC59A0A2
3605;Productnaam extra lang 1234;1234567890-565656565;1.00;test123;88;128;22;155;2;103;2000-01-01;2000-01-01;2000-01-01;222.99;1.00;1.00;1;32;181;123456;0;0;0;test456;11.00;0;0;0;1;2017-03-23 14:58:17;tag,fish,jelly;0;F391D9E6DCE51192E043401CBC59A0A2
3606;test;121435215;10.00;;85;118;53;127;2;94;2000-01-01;2000-01-01;2000-01-01;24.00;24.00;24.00;1;23;141;.;0;0;0;;0.00;0;0;0;1;2017-03-23 14:58:17;;0;F391D9E6DCE51192E043401CBC59A0A2
3614;peter;2322;22.00;;77;103;45;107;3;91;2000-01-01;2000-01-01;2000-01-01;22.00;22.00;22.00;1;33;178;23213;0;0;0;;33.00;0;0;0;1;2017-03-23 14:58:17;;0;F391D9E6DCE51192E043401CBC59A0A2
3618;jcgdefu;;0.00;;71;133;49;105;3;94;2000-01-01;2000-01-01;2000-01-01;0.00;0.00;0.00;1;22;181;;0;0;1;;0.00;0;0;0;1;2017-03-23 16:15:29;;0;F391D9E6DCE51192E043401CBC59A0A2
3621;Big.Nine E-lite 900;33314517;1600.00;;85;140;49;127;2;94;2000-01-01;2000-01-01;2000-01-01;2799.00;2799.00;2799.00;1;46;181;metalicblack/silver;0;0;0;;3199.00;0;0;0;1;2017-03-23 14:58:17;Fiets;0;F391D9E6DCE51192E043401CBC59A0A2
3624;Bag Clip Owl;BC16;3.00;Talking Bag ClipDeze knijper van Kikkerland sluit elke zak goed af. Bij opening maakt de knijper een oehoe geluid. Artikelnummer: BC00;82;103;83;127;2;98;2000-01-01;2000-01-01;2000-01-01;6.95;6.95;6.95;1;24;178;nvt;0;0;0;;2.00;0;0;0;1;2017-03-23 14:58:17;;0;F391D9E6DCE51192E043401CBC59A0A2
3628;Bag Clip Owl;BC00;3.00;Talking Bag ClipDeze knijper van Kikkerland sluit elke zak goed af. Bij opening maakt de knijper een oehoe geluid. Artikelnummer: BC00;82;118;83;127;2;103;2000-01-01;2000-01-01;2000-01-01;6.95;6.95;6.95;1;24;178;nvt;0;0;0;;2.00;0;0;0;1;2017-03-23 14:58:17;test;0;F391D9E6DCE51192E043401CBC59A0A2
3635;Fred Lime;Fred lime;100.00;uitloop model op=op;87;141;49;132;2;118;2000-01-01;2000-01-01;2000-01-01;239.00;239.00;239.00;1;33;160;Lime;0;0;0;Een fashionable “bucket” bag! Mooi afgewerkt met soepel suède in de vergelijkbare kleur als de tas zelf. Wat Fred uniek maakt is dat het trekkoord aan de binnenkant is verwerkt, waardoor de buitenzijde clean en rustig blijft. De tas is zowel kort over de schouder te dragen als lang en cross-body met de lange schouderband die erbij wordt geleverd. De tas wordt, naast het trekkoord, ook afgesloten met een magnetische drukknoopje aan de binnenzijde. Daarnaast zit in de binnenzijde een groot vak met ritssluiting en twee kleine vakjes voor je telefoon en bijvoorbeeld visitekaartjes. Model: Schoudertas Leer: Rundleer en Suede Metalen details: Licht goud Afmetingen: B38 x H30 x D +/- 15cm Strap drop korte schouderband: 27 cm (Lange schouderband: Verstelbaar);0.00;0;0;0;1;2017-03-23 14:58:17;Schoudertas,Smaak Amsterdam;0;F391D9E6DCE51192E043401CBC59A0A2
3636;Fred Raspberry;Fred Raspberry;100.00;uitloop model op=op;83;141;49;132;2;118;2000-01-01;2000-01-01;2000-01-01;239.00;239.00;239.00;1;33;160;Raspberry;0;0;0;Een fashionable “bucket” bag! Mooi afgewerkt met soepel suède in de vergelijkbare kleur als de tas zelf. Wat Fred uniek maakt is dat het trekkoord aan de binnenkant is verwerkt, waardoor de buitenzijde clean en rustig blijft. De tas is zowel kort over de schouder te dragen als lang en cross-body met de lange schouderband die erbij wordt geleverd. De tas wordt, naast het trekkoord, ook afgesloten met een magnetische drukknoopje aan de binnenzijde. Daarnaast zit in de binnenzijde een groot vak met ritssluiting en twee kleine vakjes voor je telefoon en bijvoorbeeld visitekaartjes. Model: Schoudertas Leer: Rundleer en Suede Metalen details: Licht goud Afmetingen: B38 x H30 x D +/- 15cm Strap drop korte schouderband: 27 cm (Lange schouderband: Verstelbaar);0.00;0;0;0;1;2017-03-23 14:58:17;Schoudertas,Smaak Amsterdam;0;F391D9E6DCE51192E043401CBC59A0A2
3637;Fred Black;Fred Black;100.00;uitloop model op=op;85;141;49;132;2;118;2000-01-01;2000-01-01;2000-01-01;239.00;239.00;239.00;1;33;160;Black;0;0;0;Een fashionable “bucket” bag! Mooi afgewerkt met soepel suède in de vergelijkbare kleur als de tas zelf. Wat Fred uniek maakt is dat het trekkoord aan de binnenkant is verwerkt, waardoor de buitenzijde clean en rustig blijft. De tas is zowel kort over de schouder te dragen als lang en cross-body met de lange schouderband die erbij wordt geleverd. De tas wordt, naast het trekkoord, ook afgesloten met een magnetische drukknoopje aan de binnenzijde. Daarnaast zit in de binnenzijde een groot vak met ritssluiting en twee kleine vakjes voor je telefoon en bijvoorbeeld visitekaartjes. Model: Schoudertas Leer: Rundleer en Suede Metalen details: Licht goud Afmetingen: B38 x H30 x D +/- 15cm Strap drop korte schouderband: 27 cm (Lange schouderband: Verstelbaar);0.00;0;0;0;1;2017-03-23 14:58:17;Schoudertas,Smaak Amsterdam;0;F391D9E6DCE51192E043401CBC59A0A2
3638;Fred Mist;Fred Mist;100.00;uitloop model op=op;69;141;49;132;2;118;2000-01-01;2000-01-01;2000-01-01;239.00;239.00;239.00;1;33;160;Mist;0;0;0;Een fashionable “bucket” bag! Mooi afgewerkt met soepel suède in de vergelijkbare kleur als de tas zelf. Wat Fred uniek maakt is dat het trekkoord aan de binnenkant is verwerkt, waardoor de buitenzijde clean en rustig blijft. De tas is zowel kort over de schouder te dragen als lang en cross-body met de lange schouderband die erbij wordt geleverd. De tas wordt, naast het trekkoord, ook afgesloten met een magnetische drukknoopje aan de binnenzijde. Daarnaast zit in de binnenzijde een groot vak met ritssluiting en twee kleine vakjes voor je telefoon en bijvoorbeeld visitekaartjes. Model: Schoudertas Leer: Rundleer en Suede Metalen details: Licht goud Afmetingen: B38 x H30 x D +/- 15cm Strap drop korte schouderband: 27 cm (Lange schouderband: Verstelbaar);0.00;0;0;0;1;2017-03-23 14:58:17;Schoudertas,Smaak Amsterdam;0;F391D9E6DCE51192E043401CBC59A0A2 
3639;Shirt blauw streep;123-10;30.00;;70;142;22;121;2;91;2000-01-01;2000-01-01;2000-01-01;69.95;69.95;69.95;1;23;143;10;0;0;0;;0.00;0;0;0;1;2017-03-23 14:58:17;;0;F391D9E6DCE51192E043401CBC59A0A2
3640;Navy met bloem prin;123-11;30.00;;85;142;22;121;2;91;2000-01-01;2000-01-01;2000-01-01;69.95;69.95;69.95;1;23;143;10;0;0;0;abric Non iron, 100% katoen Fit & size Slim fit Line Originale Care Boord	Cutaway Manchet	Single Cuff Mouwlengte	Normal Sleeve Stijl	Non iron Dessin	Striped Kleur	Blue Fit	Slim Fit Label	Originale Kwaliteit	Cotton Levertijd  Vandaag vóór 17:00 uur besteld, morgen in huis. Retourneren	Retourneren is gratis. Verzendkosten	Gratis verzending boven €100,-. - See more at: http://www.profuomo.com/nl_eur/blue-stripe-with-micro-print-shirt.html#sthash.9Qd2Iwe4.dpuf;0.00;0;0;0;1;2017-03-23 14:58:17;Shirt;0;F391D9E6DCE51192E043401CBC59A0A2
3650;Olfactive Studio;12234;75.00;;87;139;49;127;2;118;2000-01-01;2000-01-01;2000-01-01;125.00;125.00;125.00;1;24;178;12;0;0;0;Autoportrait van Olfactive Studio is een een intiem en diep parfum. Autoportrait is een geur die je draagt voor jezelf, in synergie met je eigen persoonlijke balans. De geur is als een metgezel, een weerspiegeling van jezelf, vertrouwd en warm, waarin je je eigen geest en innerlijke rust opnieuw ontdekt. De ziel van houtachtige noten wordt blootgelegd. Een rustgevende dosis van de natuur en haar omhullende hars. De geur is adembenemend in vele facetten, de essentie van Autoportrait wordt echt onthuld in zijn basis... absoluut verslavend! Topnoten: bergamot, elemi Hartnoten: benzoë siam, wierook, muskus Basisnoten: eikenmos, ceder, vetiver;0.00;0;0;0;1;2017-03-23 14:58:17;;0;F391D9E6DCE51192E043401CBC59A0A2
3651;Label 1401 Firstfloor;454321423;10.00;;85;139;22;121;2;117;2000-01-01;2000-01-01;2000-01-01;19.95;19.95;19.95;1;33;143;12;0;0;0;Basic label 1401 logo t-shirt made of 100% cotton. ;0.00;0;0;0;1;2017-03-23 14:58:17;label;0;F391D9E6DCE51192E043401CBC59A0A2
3655;u8hu;454151-10;20.00;;73;118;49;146;3;94;2000-01-01;2000-01-01;2000-01-01;50.00;50.00;50.00;1;22;178;zwart;0;0;0;;0.00;0;0;0;1;2017-03-23 16:15:29;;0;F391D9E6DCE51192E043401CBC59A0A2
3656;Marice;11123;60.00;;88;103;45;107;2;91;2000-01-01;2000-01-01;2000-01-01;99.00;99.00;99.00;1;33;181;112;0;0;0;hoi;99.00;0;0;0;1;2017-03-23 14:58:17;;0;F391D9E6DCE51192E043401CBC59A0A2
3658;marice3;13372;60.00;123;83;133;22;136;2;91;2000-01-01;2000-01-01;2000-01-01;90.00;80.00;80.00;1;24;178;10;0;0;0;456;33.00;0;0;0;1;2017-03-23 14:58:17;marice;0;F391D9E6DCE51192E043401CBC59A0A2
3668;Padded pak;13;25.00;;71;123;49;132;2;100;2000-01-01;2000-01-01;2000-01-01;50.00;50.00;50.00;1;23;141;03;0;0;0;;50.00;0;0;0;1;2017-03-23 14:58:17;;0;F391D9E6DCE51192E043401CBC59A0A2
3669;marice3;13372;60.00;123;70;133;22;136;2;91;2000-01-01;2000-01-01;2000-01-01;90.00;80.00;80.00;1;24;178;10;0;0;0;456;33.00;0;0;0;1;2017-03-23 14:58:17;marice;0;F391D9E6DCE51192E043401CBC59A0A2
3670;marice3;13372;60.00;123;70;133;22;136;2;91;2000-01-01;2000-01-01;2000-01-01;90.00;80.00;80.00;1;24;178;10;0;0;0;456;33.00;0;0;0;1;2017-03-23 14:58:17;marice;0;F391D9E6DCE51192E043401CBC59A0A2
3672;truus;25885252;10.00;;70;126;53;173;2;103;2000-01-01;2000-01-01;2000-01-01;20.00;20.00;20.00;1;23;143;10;0;0;0;;0.00;0;0;0;1;2017-03-23 14:58:17;;0;F391D9E6DCE51192E043401CBC59A0A2
3673;Clash;1234567;200.00;;70;143;22;127;2;103;2000-01-01;2000-01-01;2000-01-01;329.95;329.95;329.95;1;24;141;12;0;0;1;BEND: Flying V SHAPE: Directional Shape, Progressively Wider Waist Widths FLEX: Twin Flex CORE: Super Fly II Core, Dualzone EGD BASE: Sintered WFO Base FIBERGLASS: 45° Carbon Highlights SIDEWALLS: Frostbite Edges DESIGN FEATURES:  Squeezebox The Channel Pro-Tip Infinite Ride;0.00;0;0;0;1;2017-03-23 14:58:17;;0;F391D9E6DCE51192E043401CBC59A0A2
3674;debora;25885252u;10.00;;88;126;53;132;2;103;2000-01-01;2000-01-01;2000-01-01;20.00;20.00;20.00;1;23;143;10;0;0;0;;0.00;0;0;0;1;2017-03-23 14:58:17;;0;F391D9E6DCE51192E043401CBC59A0A2
3675;marice3;13372;60.00;123;70;133;22;136;2;91;2000-01-01;2000-01-01;2000-01-01;90.00;80.00;80.00;1;24;178;10;0;0;0;456;33.00;0;0;0;1;2017-03-23 14:58:17;marice;0;F391D9E6DCE51192E043401CBC59A0A2
3676;Klassiek ;100110;29.00;;85;126;22;155;2;103;2000-01-01;2000-01-01;2000-01-01;79.00;79.00;79.00;1;33;181;200;0;0;0;;0.00;0;0;0;1;2017-03-23 14:58:17;;0;F391D9E6DCE51192E043401CBC59A0A2
3677;Feather 2015;1234567;200.00;;70;143;22;127;2;103;2000-01-01;2000-01-01;2000-01-01;329.95;329.95;329.95;1;32;141;12;0;0;1;BEND: Flying V SHAPE: Directional Shape, Progressively Wider Waist Widths FLEX: Twin Flex CORE: Super Fly II Core, Dualzone EGD BASE: Sintered WFO Base FIBERGLASS: 45° Carbon Highlights SIDEWALLS: Frostbite Edges DESIGN FEATURES: Squeezebox The Channel Pro-Tip Infinite Ride;0.00;0;0;0;1;2017-03-23 14:58:17;;0;F391D9E6DCE51192E043401CBC59A0A2
3678;custom;utr678;220.00;;83;143;22;127;2;103;2000-01-01;2000-01-01;2000-01-01;362.95;362.95;362.95;1;32;141;23;0;0;1;BEND: Flying V SHAPE: Directional Shape, Progressively Wider Waist Widths FLEX: Twin Flex CORE: Super Fly II Core, Dualzone EGD BASE: Sintered WFO Base FIBERGLASS: 45° Carbon Highlights SIDEWALLS: Frostbite Edges DESIGN FEATURES: Squeezebox The Channel Pro-Tip Infinite Ride;0.00;0;0;0;1;2017-03-23 14:58:17;;0;F391D9E6DCE51192E043401CBC59A0A2
3679;custom;utr678;220.00;;83;143;22;127;2;103;2000-01-01;2000-01-01;2000-01-01;362.95;362.95;362.95;1;32;141;23;0;0;1;BEND: Flying V SHAPE: Directional Shape, Progressively Wider Waist Widths FLEX: Twin Flex CORE: Super Fly II Core, Dualzone EGD BASE: Sintered WFO Base FIBERGLASS: 45° Carbon Highlights SIDEWALLS: Frostbite Edges DESIGN FEATURES: Squeezebox The Channel Pro-Tip Infinite Ride;0.00;0;0;0;1;2017-03-23 14:58:17;;0;F391D9E6DCE51192E043401CBC59A0A2
3680;Floris leather;5558778;89.00;;71;128;22;155;2;91;2000-01-01;2000-01-01;2000-01-01;189.00;189.00;189.00;1;33;181;78;0;0;0;;0.00;0;0;0;1;2017-03-23 14:58:17;;0;F391D9E6DCE51192E043401CBC59A0A2
3681;y;j;0.00;;70;143;53;137;2;98;2000-01-01;2000-01-01;2000-01-01;0.00;0.00;0.00;1;33;127;jg;0;0;1;;0.00;0;0;0;1;2017-03-23 14:58:17;;0;F391D9E6DCE51192E043401CBC59A0A2
3682;y;j;0.00;;71;143;53;137;2;98;2000-01-01;2000-01-01;2000-01-01;0.00;0.00;0.00;1;33;127;jg;0;0;1;;0.00;0;0;0;1;2017-03-23 14:58:17;;0;F391D9E6DCE51192E043401CBC59A0A2
3683;Diesel Shirt ;555888;21.35;;83;126;22;145;2;103;2000-01-01;2000-01-01;2000-01-01;79.95;79.95;79.95;1;33;143;86;0;0;0;;0.00;0;0;0;1;2017-03-23 14:58:17;;0;F391D9E6DCE51192E043401CBC59A0A2
3684;Marsepijn;0;0.01;;87;133;49;127;3;94;2000-01-01;2000-01-01;2000-01-01;1.00;1.00;1.00;1;46;178;0;0;0;0;;1.00;0;0;0;1;2017-03-23 14:58:17;;0;F391D9E6DCE51192E043401CBC59A0A2
3685;Diesel shirt ;555889;21.33;;70;126;22;145;2;103;2000-01-01;2000-01-01;2000-01-01;79.95;79.95;79.95;1;33;143;74;0;0;0;;0.00;0;0;0;1;2017-03-23 14:58:17;;0;F391D9E6DCE51192E043401CBC59A0A2
3686;KLINKER 6 cm per m2;100100;6.00;;102;103;49;127;2;91;2000-01-01;2000-01-01;2000-01-01;11.95;11.95;11.95;1;24;127;nvt;0;0;0;;0.00;0;0;0;1;2017-03-23 14:58:17;;0;F391D9E6DCE51192E043401CBC59A0A2
3687;KLINKER 6 cm per m2;100200;6.00;;83;103;49;127;2;91;2000-01-01;2000-01-01;2000-01-01;11.95;11.95;11.95;1;24;127;nvt;0;0;0;;0.00;0;0;0;1;2017-03-23 14:58:17;;0;F391D9E6DCE51192E043401CBC59A0A2
3688;Naam;Bestelnummer;20.00;;102;118;58;121;2;94;2000-01-01;2000-01-01;2000-01-01;40.00;40.00;40.00;1;23;178;Kleur code;0;0;1;;0.00;0;0;0;1;2017-03-23 14:58:17;;0;F391D9E6DCE51192E043401CBC59A0A2
3691;Rugzak outdoor;B0012016;22.00;;70;123;22;132;2;100;2000-01-01;2000-01-01;2000-01-01;59.95;59.95;59.95;1;40;166;22;0;0;0;;0.00;0;0;0;1;2017-03-23 14:58:17;;0;F391D9E6DCE51192E043401CBC59A0A2
3692;Rugzak outdoor;B0032016;22.00;;79;123;22;132;2;100;2000-01-01;2000-01-01;2000-01-01;59.95;59.95;59.95;1;40;147;33;0;0;0;;0.00;0;0;0;1;2017-03-23 14:58:17;;0;F391D9E6DCE51192E043401CBC59A0A2
3693;Royal icing mix;44060;5.00;;88;118;76;127;2;100;2000-01-01;2000-01-01;2000-01-01;10.00;10.00;10.00;1;24;178;123;0;0;0;;11.00;0;0;0;1;2017-03-23 14:58:17;;0;F391D9E6DCE51192E043401CBC59A0A2
3697;Floris leather;5558778;89.00;;70;128;22;155;2;91;2000-01-01;2000-01-01;2000-01-01;189.00;189.00;189.00;1;33;181;78;0;0;0;;0.00;0;0;0;1;2017-03-23 14:58:17;;0;F391D9E6DCE51192E043401CBC59A0A2
3698;test;test;1.00;;70;118;22;127;2;103;2000-01-01;2000-01-01;2000-01-01;12.00;12.00;12.00;1;32;145;test;0;0;0;;11.00;0;0;0;1;2017-03-23 14:58:17;;0;F391D9E6DCE51192E043401CBC59A0A2
3699;e;3;1.00;;87;133;53;127;2;91;2000-01-01;2000-01-01;2000-01-01;221.00;1.00;221.00;1;23;181;3;0;0;0;;12.00;0;0;0;1;2017-03-23 14:58:17;;0;F391D9E6DCE51192E043401CBC59A0A2
3700;fd;s;2.00;;70;118;83;131;2;98;2000-01-01;2000-01-01;2000-01-01;124.00;124.00;124.00;1;33;141;sd;0;0;0;;12.00;0;0;0;1;2017-03-23 14:58:17;;0;F391D9E6DCE51192E043401CBC59A0A2
3701;Appeltaart met slagroom;t;1.00;;70;133;39;127;2;94;2000-01-01;2000-01-01;2000-01-01;2.00;13.00;13.00;1;46;127;t;0;0;0;;12.00;0;0;0;1;2017-03-23 14:58:17;;0;F391D9E6DCE51192E043401CBC59A0A2
3702;Koek;Koek;0.50;;102;123;22;132;2;100;2000-01-01;2000-01-01;2000-01-01;0.50;1.36;1.36;1;40;141;22;0;0;0;;0.00;0;0;0;1;2017-03-23 14:58:17;;0;F391D9E6DCE51192E043401CBC59A0A2
3703;Limonade;565;0.50;;102;118;49;132;2;98;2000-01-01;2000-01-01;2000-01-01;0.50;1.14;1.14;1;22;178;6f6;0;0;1;;0.00;0;0;0;1;2017-03-23 16:15:29;;0;F391D9E6DCE51192E043401CBC59A0A2
3704;Thee;565;0.00;;102;118;49;132;2;98;2000-01-01;2000-01-01;2000-01-01;1.00;1.00;1.00;1;22;178;6f6;0;0;1;;0.00;0;0;0;1;2017-03-23 16:15:29;;0;F391D9E6DCE51192E043401CBC59A0A2
3705;Cappucino;9345678;1.00;;77;103;22;105;2;94;2000-01-01;2000-01-01;2000-01-01;1.50;2.27;2.27;1;33;178;24753;0;0;0;gggggggggkijuuhiughiyugltgufyic56r6c  76riv76v kiu 8u67tvf7i6t 8u675tvgf956bg 8765vfkliuyib98  9i8ybg06u7y0[8yyv8977yn[978u7v iuybg87ybp98yn 876gv8768b 8iu6vgp876bp9ybv897yybp98789897v87;22.00;0;0;0;1;2017-03-23 14:58:17;;0;F391D9E6DCE51192E043401CBC59A0A2
3706;appeltaart compleet;9345678;1.00;;87;103;22;105;2;94;2000-01-01;2000-01-01;2000-01-01;2.50;2.27;2.27;1;33;178;24753;0;0;0;gggggggggkijuuhiughiyugltgufyic56r6c  76riv76v kiu 8u67tvf7i6t 8u675tvgf956bg 8765vfkliuyib98  9i8ybg06u7y0[8yyv8977yn[978u7v iuybg87ybp98yn 876gv8768b 8iu6vgp876bp9ybv897yybp98789897v87;22.00;0;0;0;1;2017-03-23 14:56:49;;0;F391D9E6DCE51192E043401CBC59A0A2
3707;Cappuccino;991575;0.50;;70;156;49;151;2;120;2000-01-01;2000-01-01;2000-01-01;1.50;1.15;1.15;1;40;168;75B;0;0;0;;0.00;0;0;0;1;2017-03-23 14:58:17;;0;F391D9E6DCE51192E043401CBC59A0A2
3708;koffie of Espresso;992575;0.50;;77;156;49;151;2;120;2000-01-01;2000-01-01;2000-01-01;1.00;1.15;1.15;1;40;168;75G;0;0;0;;0.00;0;0;0;1;2017-03-23 14:56:49;;0;F391D9E6DCE51192E043401CBC59A0A2
3709;Spinner 75;993375;121.00;;102;156;49;151;2;120;2000-01-01;2000-01-01;2000-01-01;279.00;279.00;279.00;1;40;168;75Z;0;0;0;;0.00;0;0;0;1;2017-03-23 14:58:17;;0;F391D9E6DCE51192E043401CBC59A0A2
3710;Spinner 75;994475;121.00;;83;156;49;151;2;120;2000-01-01;2000-01-01;2000-01-01;279.00;279.00;279.00;1;40;168;75R;0;0;0;;0.00;0;0;0;1;2017-03-23 14:56:49;;0;F391D9E6DCE51192E043401CBC59A0A2
3711;Spinner 75;999075;121.00;;82;156;49;151;2;100;2000-01-01;2000-01-01;2000-01-01;279.00;279.00;279.00;1;40;168;75Zl;0;0;0;;0.00;0;0;0;1;2017-03-23 14:58:17;;0;F391D9E6DCE51192E043401CBC59A0A2
3712;Diesel Watch 55;55544;144.00;;107;126;49;154;2;103;2000-01-01;2000-01-01;2000-01-01;369.00;369.00;369.00;1;40;178;55;0;0;0;;399.00;0;0;0;1;2017-03-23 14:58:17;;0;F391D9E6DCE51192E043401CBC59A0A2
3713;Diesel Watch 55;55544;144.00;;102;126;49;154;2;103;2000-01-01;2000-01-01;2000-01-01;369.00;369.00;369.00;1;40;178;88;0;0;0;;399.00;0;0;0;1;2017-03-23 14:58:17;;0;F391D9E6DCE51192E043401CBC59A0A2
3714;Diesel Watch 55;55544;144.00;;108;126;49;154;2;103;2000-01-01;2000-01-01;2000-01-01;369.00;369.00;369.00;1;40;178;66;0;0;0;;399.00;0;0;0;1;2017-03-23 14:58:17;;0;F391D9E6DCE51192E043401CBC59A0A2
3715;Diesel Watch 55;55544;144.00;;71;126;49;154;2;103;2000-01-01;2000-01-01;2000-01-01;369.00;369.00;369.00;1;40;178;77;0;0;0;;399.00;1;0;0;1;2017-03-23 14:58:17;;0;F391D9E6DCE51192E043401CBC59A0A2
3716;Sneaker Suede;500-4366;49.00;;71;128;22;127;2;105;2000-01-01;2000-01-01;2000-01-01;169.95;169.95;169.95;1;32;178;66;0;0;0;;169.95;0;0;0;1;2017-03-23 14:58:17;;0;F391D9E6DCE51192E043401CBC59A0A2
3717;Spinner 75;999099;121.00;;102;156;49;151;2;100;2000-01-01;2000-01-01;2000-01-01;279.00;279.00;279.00;1;40;168;75kk;0;0;0;;0.00;0;0;0;1;2017-03-23 14:58:17;;0;F391D9E6DCE51192E043401CBC59A0A2
3718;testBH123;123454321;9.00;test;71;103;53;105;2;91;2000-01-01;2000-01-01;2000-01-01;12.00;12.00;12.00;1;40;178;11;0;0;0;test;11.00;0;0;0;1;2017-03-23 14:58:17;;0;F391D9E6DCE51192E043401CBC59A0A2
3720;Productnaam heeft 31 karakters;Artikel nummer lever;144.00;;88;128;49;127;2;103;2000-01-01;2000-01-01;2000-01-01;369.00;369.00;369.00;1;40;160;Kleurcode leverancie;0;0;0;;399.00;1;0;0;1;2017-03-23 14:58:17;;0;F391D9E6DCE51192E043401CBC59A0A2
3721;Diesel Watch 55;55577;144.00;;102;126;49;154;2;103;2000-01-01;2000-01-01;2000-01-01;369.00;369.00;369.00;1;40;178;99;0;0;0;;399.00;1;0;0;1;2017-03-23 14:58:17;;0;F391D9E6DCE51192E043401CBC59A0A2
3722;TW Steel WATCH;20058899;219.00;;108;159;49;154;2;123;2000-01-01;2000-01-01;2000-01-01;595.00;595.00;595.00;1;40;181;899;0;0;0;;0.00;0;0;0;1;2017-03-23 14:58:17;;0;F391D9E6DCE51192E043401CBC59A0A2
3723;TW Steel WATCH;200588790;219.00;;102;159;49;154;2;123;2000-01-01;2000-01-01;2000-01-01;595.00;595.00;595.00;1;40;181;790;0;0;0;;0.00;0;0;0;1;2017-03-23 14:58:17;;0;F391D9E6DCE51192E043401CBC59A0A2
3724;TW Steel WATCH;200588790;219.00;;102;159;49;154;2;123;2000-01-01;2000-01-01;2000-01-01;595.00;595.00;595.00;1;40;181;790;0;0;0;;0.00;0;0;0;1;2017-03-23 14:58:17;;0;F391D9E6DCE51192E043401CBC59A0A2
3725;test barcode;.;1.00;;89;133;53;127;2;91;2000-01-01;2000-01-01;2000-01-01;12.00;12.00;12.00;1;46;181;.;0;0;0;;11.00;0;0;0;1;2017-04-18 17:14:48;;0;F391D9E6DCE51192E043401CBC59A0A2
3726;Schoen ;1001010;70.00;;102;128;22;155;2;91;2000-01-01;2000-01-01;2000-01-01;150.00;150.00;150.00;1;40;178;66;0;0;0;;0.00;0;0;0;1;2017-03-23 14:58:17;;0;F391D9E6DCE51192E043401CBC59A0A2
3729;lalala;;0.00;;72;138;22;137;2;91;2000-01-01;2000-01-01;2000-01-01;12.00;12.00;12.00;1;40;178;;0;0;0;;0.00;0;0;0;1;2017-03-23 14:58:17;;0;F391D9E6DCE51192E043401CBC59A0A2
3730;Watch;12454;69.00;;102;126;22;154;2;91;2000-01-01;2000-01-01;2000-01-01;249.00;249.00;249.00;1;40;178;66;0;0;0;;249.00;0;0;0;1;2017-03-23 14:58:17;;0;F391D9E6DCE51192E043401CBC59A0A2
3731;DSI Velocity marching schoen;SHVE;20.00;;69;118;53;127;2;94;2000-01-01;2000-01-01;2000-01-01;40.00;40.00;40.00;1;24;147;01;0;0;0;;0.00;0;0;0;1;2017-03-23 14:58:17;;0;F391D9E6DCE51192E043401CBC59A0A2
3734;DSI Velocity marching schoen;SHVE;20.00;;69;118;53;127;2;94;2000-01-01;2000-01-01;2000-01-01;40.00;40.00;40.00;1;32;147;01;0;0;0; velocity marching schoen Ontworpen met de perstaties van de preformer in gedachten, strak en schoon uiterlijk, maximaal comfort. vinyl schoen Ultieme comfort met Achilles steun Napa bovenste en gestikt aan de zool Perforated voor warmte- en vochtigheidsmanagement zachte inlegzool met hiel cup Thinner zolen met geavanceerde lucht pocket ontwerp water bestendig velocity marching shoe Built from the ground up with the performer in mind, the Velocity provides a clean look with maximum comfort. vinyl shoe ultimate comfort with curved, cushioned Achilles support napa upper stitched to the sole perforated side panels so heat and moisture can escape cushioned insole with heel cup and arch support thinner soles with advanced air pocket design tongue stitched in place water expulsion tread design pushes water away;0.00;0;0;0;1;2017-03-23 14:58:17;;0;F391D9E6DCE51192E043401CBC59A0A2
3737;Schoen ;10012333;70.00;;71;128;22;155;2;91;2000-01-01;2000-01-01;2000-01-01;150.00;150.00;150.00;1;40;178;90;0;0;0;;0.00;0;0;0;1;2017-03-23 14:58:17;;0;F391D9E6DCE51192E043401CBC59A0A2
3738;DSI Velocity marching schoen;SHVE;20.00;;69;118;53;127;2;94;2000-01-01;2000-01-01;2000-01-01;40.00;40.00;40.00;1;32;147;01;0;0;0; velocity marching schoen Ontworpen met de perstaties van de preformer in gedachten, strak en schoon uiterlijk, maximaal comfort. vinyl schoen Ultieme comfort met Achilles steun Napa bovenste en gestikt aan de zool Perforated voor warmte- en vochtigheidsmanagement zachte inlegzool met hiel cup Thinner zolen met geavanceerde lucht pocket ontwerp water bestendig velocity marching shoe Built from the ground up with the performer in mind, the Velocity provides a clean look with maximum comfort. vinyl shoe ultimate comfort with curved, cushioned Achilles support napa upper stitched to the sole perforated side panels so heat and moisture can escape cushioned insole with heel cup and arch support thinner soles with advanced air pocket design tongue stitched in place water expulsion tread design pushes water away;0.00;0;0;0;1;2017-03-23 14:58:17;;0;F391D9E6DCE51192E043401CBC59A0A2
3739;Blumfontain Shirt;10000-999;17.00;;70;118;22;121;2;91;2000-01-01;2000-01-01;2000-01-01;49.95;49.95;49.95;1;40;144;999;0;0;0;;0.00;0;0;0;1;2017-03-23 14:58:17;;0;F391D9E6DCE51192E043401CBC59A0A2
3740;Blumfontain Shirt;10000-111;17.00;;69;118;22;121;2;91;2000-01-01;2000-01-01;2000-01-01;49.95;49.95;49.95;1;40;144;111;0;0;0;;0.00;0;0;0;1;2017-03-23 14:58:17;;0;F391D9E6DCE51192E043401CBC59A0A2
3741;Blumfontain Smoking Shirt;10099-111;17.00;;69;118;22;121;2;91;2000-01-01;2000-01-01;2000-01-01;49.95;49.95;49.95;1;40;144;111;0;0;0;;0.00;0;0;0;1;2017-03-23 14:58:17;;0;F391D9E6DCE51192E043401CBC59A0A2
3742;PerSignori Shirt;8800-99;21.00;;102;118;22;121;2;91;2000-01-01;2000-01-01;2000-01-01;59.95;59.95;59.95;1;40;144;99;0;0;0;;0.00;0;0;0;1;2017-03-23 14:58:17;;0;F391D9E6DCE51192E043401CBC59A0A2
3743;PerSignori Shirt;8800-88;21.00;;70;118;22;121;2;91;2000-01-01;2000-01-01;2000-01-01;59.95;59.95;59.95;1;40;144;88;0;0;0;;0.00;0;0;0;1;2017-03-23 14:58:17;;0;F391D9E6DCE51192E043401CBC59A0A2
3744;PerSignori Shirt;8800-60;21.00;;70;118;22;121;2;91;2000-01-01;2000-01-01;2000-01-01;59.95;59.95;59.95;1;40;144;60;0;0;0;;0.00;0;0;0;1;2017-03-23 14:58:17;;0;F391D9E6DCE51192E043401CBC59A0A2
3745;PerSignori Italiaanse snit;88999-100;98.00;;70;118;22;156;2;91;2000-01-01;2000-01-01;2000-01-01;249.00;249.00;249.00;1;40;181;100;0;0;0;;0.00;0;0;0;1;2017-03-23 14:58:17;;0;F391D9E6DCE51192E043401CBC59A0A2
3746;PerSignori Italiaanse snit;88999-99;98.00;;82;118;22;156;2;91;2000-01-01;2000-01-01;2000-01-01;249.00;249.00;249.00;1;40;181;99;0;0;0;;0.00;0;0;0;1;2017-03-23 14:58:17;;0;F391D9E6DCE51192E043401CBC59A0A2
3747;Blumfontain Trui;1099-55;17.00;;70;118;22;157;2;91;2000-01-01;2000-01-01;2000-01-01;49.95;49.95;49.95;1;40;174;55;0;0;0;;0.00;0;0;0;1;2017-03-23 14:58:17;;0;F391D9E6DCE51192E043401CBC59A0A2
3748;Blumfontain Trui;1099-33;17.00;;110;118;22;157;2;91;2000-01-01;2000-01-01;2000-01-01;49.95;49.95;49.95;1;40;174;33;0;0;0;;0.00;0;0;0;1;2017-03-23 14:58:17;;0;F391D9E6DCE51192E043401CBC59A0A2
3749;Sneaker Tommy;3167789;56.00;;102;127;22;158;2;104;2000-01-01;2000-01-01;2000-01-01;179.00;179.00;179.00;1;40;178;55;0;0;0;;0.00;0;0;0;1;2017-03-23 14:58:17;;0;F391D9E6DCE51192E043401CBC59A0A2
3751;Blumfontain Trui;1099-99;17.00;;102;118;22;157;2;91;2000-01-01;2000-01-01;2000-01-01;49.95;49.95;49.95;1;40;174;99;0;0;0;;0.00;0;0;0;1;2017-03-23 14:58:17;;0;F391D9E6DCE51192E043401CBC59A0A2
3755;Jeans;999;29.00;;70;126;22;146;2;91;2000-01-01;2000-01-01;2000-01-01;79.00;79.00;79.00;1;40;178;10;0;0;0;;0.00;0;0;0;1;2017-03-23 14:58:17;;0;F391D9E6DCE51192E043401CBC59A0A2
3756;Jurk;123;1.95;;110;133;53;173;2;94;2000-01-01;2000-01-01;2000-01-01;5.00;5.00;5.00;1;24;147;123;0;0;0;;10.00;0;0;0;1;2017-03-23 14:58:17;;0;F391D9E6DCE51192E043401CBC59A0A2
3757;Sneaker Tommy;3167799;56.00;;71;127;22;158;2;104;2000-01-01;2000-01-01;2000-01-01;179.00;179.00;179.00;1;40;178;99;0;0;0;;0.00;0;0;0;1;2017-03-23 14:58:17;;0;F391D9E6DCE51192E043401CBC59A0A2
3760;Hemd Bugga;0123456789;0.00;;71;118;22;145;2;98;2000-01-01;2000-01-01;2000-01-01;30.00;30.00;30.00;1;40;178;Bruinig;0;0;0;Producttekst staat hier;0.00;0;0;0;1;2017-03-23 14:58:17;buggaboo hemd;0;F391D9E6DCE51192E043401CBC59A0A2
3765;Shirt kortemouw;1221313;24.00;;102;126;49;121;2;91;2000-01-01;2000-01-01;2000-01-01;79.95;79.95;79.95;1;40;143;99;0;0;0;;99.00;0;0;0;1;2017-03-23 14:58:17;;0;F391D9E6DCE51192E043401CBC59A0A2
3767;Shirt kortemouw;1221313;24.00;;102;126;49;121;2;91;2000-01-01;2000-01-01;2000-01-01;79.95;79.95;79.95;1;40;143;99;0;0;0;;0.00;0;0;0;1;2017-03-23 14:58:17;;0;F391D9E6DCE51192E043401CBC59A0A2
3771;Jurk Esprit;122131;22.00;;102;163;53;173;2;106;2000-01-01;2000-01-01;2000-01-01;69.00;69.00;69.00;1;40;178;131;0;0;0;;0.00;0;0;0;1;2017-04-14 17:00:11;;0;F391D9E6DCE51192E043401CBC59A0A2
3772;Jurk Esprit;122199;22.00;;70;163;53;173;2;106;2000-01-01;2000-01-01;2000-01-01;69.00;69.00;69.00;1;40;178;199;0;0;0;;0.00;0;0;0;1;2017-03-23 14:58:17;;0;F391D9E6DCE51192E043401CBC59A0A2
3773;test1;11415154;10.00;;86;118;22;127;2;94;2000-01-01;2000-01-01;2000-01-01;25.00;25.00;25.00;1;24;178;12;0;0;0;;0.00;0;0;0;1;2017-03-23 14:58:17;;0;F391D9E6DCE51192E043401CBC59A0A2
3775;Pennen;1111;1.00;;102;103;45;127;2;91;2000-01-01;2000-01-01;2000-01-01;2.00;2.00;2.00;1;24;178;1;0;0;0;;0.00;0;0;0;1;2017-03-23 14:58:17;;0;F391D9E6DCE51192E043401CBC59A0A2
3776;Casa Safra Terra Alta DO Gran ;123456 of barcode;2.00;;73;118;39;170;2;92;2000-01-01;2000-01-01;2000-01-01;4.99;5.03;5.03;1;24;178;nvt;0;0;0;7 jaar oude zilverbekroonde Gran Reserva van Casa Safra Wat een fantastische rode wijn is dit! Zonder twijfel één van de beste rode wijnen uit ons assortiment. Een perfecte smaakcombinatie van verse bosvruchten, zwart fruit, vanille, kruiden en krachtige tannines zorgen voor een uitzonderlijke geconcentreerde wijn. In de afdronk zeer fruitig en kruidig. Een unieke Spaanse Gran Reserva van Casa Safra!  Inmiddels bekroond met en zilveren medaille op de Berliner Wine Trophy 2015 Deze Gran Reserva heeft 24 maanden gerijpt op Frans en Amerikaanse eikenhouten vaten. Na deze houtlagering heeft de wijn nog 36 maanden gerijpt op fles in de Bodega van Casa Safra. Door dit proces heeft de wijn fluweelzachte tannines en een karakteristieke smaak gekregen. Hierdoor beleeft u de smaak van pure passie!;0.00;0;0;0;1;2017-03-23 14:58:17;Merlot;0;F391D9E6DCE51192E043401CBC59A0A2
3778;Productnaam;123456;2.00;;103;118;39;170;2;92;2000-01-01;2000-01-01;2000-01-01;4.99;5.03;5.03;1;24;178;Kleurcode;0;0;0;7 jaar oude zilverbekroonde Gran Reserva van Casa Safra Wat een fantastische rode wijn is dit! Zonder twijfel één van de beste rode wijnen uit ons assortiment. Een perfecte smaakcombinatie van verse bosvruchten, zwart fruit, vanille, kruiden en krachtige tannines zorgen voor een uitzonderlijke geconcentreerde wijn. In de afdronk zeer fruitig en kruidig. Een unieke Spaanse Gran Reserva van Casa Safra!  Inmiddels bekroond met en zilveren medaille op de Berliner Wine Trophy 2015 Deze Gran Reserva heeft 24 maanden gerijpt op Frans en Amerikaanse eikenhouten vaten. Na deze houtlagering heeft de wijn nog 36 maanden gerijpt op fles in de Bodega van Casa Safra. Door dit proces heeft de wijn fluweelzachte tannines en een karakteristieke smaak gekregen. Hierdoor beleeft u de smaak van pure passie!;0.00;0;0;0;1;2017-03-23 14:58:17;Merlot;0;F391D9E6DCE51192E043401CBC59A0A2
3779;Jurk Esprit;122131;16.00;;70;163;53;173;2;106;2000-01-01;2000-01-01;2000-01-01;69.00;69.00;69.00;1;40;178;110;0;0;0;;0.00;0;0;0;1;2017-04-14 17:00:12;;0;F391D9E6DCE51192E043401CBC59A0A2
3780;hydro 10 liter;10010122;10.00;;73;164;49;127;2;91;2000-01-01;2000-01-01;2000-01-01;29.95;29.95;29.95;1;24;178;nvt;0;0;0;;0.00;0;0;0;1;2017-03-23 14:58:17;;0;F391D9E6DCE51192E043401CBC59A0A2
3781;hydro 20;10010144;10.00;;73;164;53;173;2;91;2000-01-01;2000-01-01;2000-01-01;29.95;29.95;29.95;1;24;144;nvt;0;0;0;Dit kleurrijke Twin-Set vest is een echte eye-catcher door de warme oranje kleur en franjes aan de onderzijde. Het vest heeft een openvallend model, korte mouwen en draagt heerlijk comfortabel. U kunt dit vest combineren met een jeans, ballerina's en een luxe top voor een stijlvolle look. Dit Twin-Set vest is gemaakt van 50% katoen, 50% viscose en 100% polyester. ;0.00;0;0;0;1;2017-03-23 14:58:17;;0;F391D9E6DCE51192E043401CBC59A0A2
3783;Jurk Esprit;122131;22.00;;70;163;53;173;2;106;2000-01-01;2000-01-01;2000-01-01;69.00;69.00;69.00;1;22;178;110;0;0;0;;0.00;0;0;0;1;2017-03-23 16:15:29;;0;F391D9E6DCE51192E043401CBC59A0A2
3788;Tas;1234;10.00;;102;123;49;127;2;100;2000-01-01;2000-01-01;2000-01-01;20.00;20.00;20.00;1;24;147;1;0;0;0;;0.00;0;0;0;1;2017-03-23 14:58:17;;0;F391D9E6DCE51192E043401CBC59A0A2
3801;model jan;748;10.00;;102;143;53;155;2;103;2000-01-01;2000-01-01;2000-01-01;24.95;24.95;24.95;1;40;178;42;0;0;0;;0.00;0;0;0;1;2017-03-23 14:58:17;;0;F391D9E6DCE51192E043401CBC59A0A2
3815;Classic Zinfandel;45282;1.00;;70;118;39;170;2;126;2000-01-01;2000-01-01;2000-01-01;3.00;3.00;3.00;1;24;178;14.0;0;0;0;;0.00;0;0;0;1;2017-03-23 14:58:17;;0;F391D9E6DCE51192E043401CBC59A0A2
3823;Classic Zinfandel;45282;1.00;;85;118;39;170;2;126;2000-01-01;2000-01-01;2000-01-01;2.00;2.00;2.00;1;24;178;14.0;0;0;0;;0.00;0;0;0;1;2017-03-23 14:58:17;;0;F391D9E6DCE51192E043401CBC59A0A2
3828;Polo Straight;122233;24.00;;70;126;22;137;2;103;2000-01-01;2000-01-01;2000-01-01;59.00;59.00;59.00;1;40;144;99;0;0;0;;0.00;0;0;0;1;2017-03-23 14:58:17;;0;F391D9E6DCE51192E043401CBC59A0A2
3829;Tante Betsy Summer Grey;1222392;24.00;;82;126;53;173;2;103;2000-01-01;2000-01-01;2000-01-01;59.00;59.00;59.00;1;40;144;Grey;0;0;0;;0.00;0;0;0;1;2017-03-23 14:58:17;;0;F391D9E6DCE51192E043401CBC59A0A2
3830;Polo Straight;122240;24.00;;85;126;22;137;2;103;2000-01-01;2000-01-01;2000-01-01;59.00;59.00;59.00;1;40;144;100;0;0;0;;0.00;0;0;0;1;2017-03-23 14:58:17;;0;F391D9E6DCE51192E043401CBC59A0A2
3831;Tante Betsy Summer Red;122299;24.00;;83;126;22;173;2;103;2000-01-01;2000-01-01;2000-01-01;59.00;59.00;59.00;1;40;174;red;0;0;0;;0.00;0;0;0;1;2017-03-23 14:58:17;;0;F391D9E6DCE51192E043401CBC59A0A2
3841;Renagade GTX;122299;24.00;;83;126;22;173;2;103;2000-01-01;2000-01-01;2000-01-01;59.00;59.00;59.00;1;40;174;red;0;0;0;;0.00;0;0;0;1;2017-03-23 14:58:17;;0;F391D9E6DCE51192E043401CBC59A0A2
3842;Ferrox GTX Lo;LM320610-3340;70.00;;83;140;22;155;2;105;2000-01-01;2000-01-01;2000-01-01;139.95;140.00;140.00;1;40;178;949;0;0;0;;0.00;0;0;0;1;2017-03-23 14:58:17;Catagorie 1,catagorie 2;0;F391D9E6DCE51192E043401CBC59A0A2
3843;Sneaker Tommy;3167788;56.00;;70;127;22;158;2;104;2000-01-01;2000-01-01;2000-01-01;179.00;179.00;179.00;1;40;178;88;0;0;0;;0.00;0;0;0;1;2017-03-23 14:58:17;;0;F391D9E6DCE51192E043401CBC59A0A2
3845;Sneaker Tommy;3167788;56.00;;70;127;22;158;2;104;2000-01-01;2000-01-01;2000-01-01;179.00;179.00;179.00;1;24;178;88;0;0;0;;0.00;0;0;0;1;2017-03-23 14:58:17;;0;F391D9E6DCE51192E043401CBC59A0A2
3846;haar;123334;10.00;;69;118;83;172;2;126;2000-01-01;2000-01-01;2000-01-01;20.00;25.00;20.00;1;40;178;12;0;0;0;;0.00;0;0;0;1;2017-03-23 14:58:17;;0;F391D9E6DCE51192E043401CBC59A0A2
3853;Auping Matras;Pocket 82000;60.00;;87;166;83;176;2;127;2000-01-01;2000-01-01;2000-01-01;149.00;149.00;149.00;1;24;181;20;0;0;0;;0.00;0;0;0;1;2017-03-23 14:58:17;;0;F391D9E6DCE51192E043401CBC59A0A2
3854;Auping Matras;Pocket 82200;65.00;;87;166;83;176;2;127;2000-01-01;2000-01-01;2000-01-01;169.00;169.00;169.00;1;24;181;20;0;0;0;;0.00;0;0;0;1;2017-03-23 14:58:17;;0;F391D9E6DCE51192E043401CBC59A0A2
3857;Auping Matras;Schuim 82000;35.00;;87;166;83;127;2;127;2000-01-01;2000-01-01;2000-01-01;89.00;89.00;89.00;1;24;181;20;0;0;0;;0.00;0;0;0;1;2017-03-23 16:15:29;;0;F391D9E6DCE51192E043401CBC59A0A2
3860;Barca Premium Adult 20 kg;10240;25.00;- Ontsloten granen - Gedroogd vlees - Dierlijke bijprodukten - Mineralen en vitaminen - Oliën en vetten;73;118;76;127;2;127;2000-01-01;2000-01-01;2000-01-01;43.75;43.75;43.75;1;24;178;nvt;0;0;0;Barca Premium Adult: Deze voeding bestaat uit grotere brokken en is bedoeld voor middelgrote tot grote honden. Barca Premium bestaat steeds uit een ‘vaste formule’, dat wil zeggen dat altijd dezelfde ingrediënten worden gebruikt. De vetten, eiwitten, vitaminen, sporenelementen en mineralen komen door het persen niet onder hoge verhitting te staan, waardoor deze optimaal worden behouden. Barca Premium bevat geen kleur-, geur- en smaakstoffen of vulmiddelen die geen waarde toevoegen aan het welzijn van de hond. Waarom Barca Premium Adult hondenvoer? - Hoge acceptatie. - Hoge verteerbaarheid. - Weinig en compacte ontlasting. - Enkel natuurlijke ingrediënten. - Geen tarwe gluten. Analyse: Barca Premium Adult hondenvoer bevat per kg. voeder; - Ruw Eiwit 26 % - Ruw Vet 15 % - Ruwe celstof 2 % - As 8 % - Vocht 6 % - Calcium 1,2 % - Fosfor 0,9 % - Natrium 0,3 % Vitaminen: - A 25.000 IE - D 1000 IE - E 200 MG Ingrediënten: - Ontsloten granen - Gedroogd vlees - Dierlijke bijprodukten - Mineralen en vitaminen - Oliën en vetten;43.75;0;0;0;1;2017-03-23 14:56:49;hond,Voer,Barca;0;F391D9E6DCE51192E043401CBC59A0A2
3866;Ferrox GTX Lo;LM320610-3340;70.00;;83;140;22;155;2;105;2000-01-01;2000-01-01;2000-01-01;139.95;140.00;140.00;1;40;178;949;0;0;0;;0.00;0;0;0;1;2017-03-23 14:58:17;;0;F391D9E6DCE51192E043401CBC59A0A2
3867;CHI NANO HAIR DRYER;1667502;65.00;;69;164;84;127;2;127;2000-01-01;2000-01-01;2000-01-01;179.00;179.00;179.00;1;24;178;nvt;0;0;0;CHI Nano Hair Dryer het beschermend drogen van het haar is deze fohn onmisbaar. De CHI Nano is een professionele föhn die nano-zilverdeeltjes uitstoot  tijdens het föhnen wat direct alle bacteriën dood. Bovendien is deze voorzien van een dubbel ventilator systeem voor een betere luchtstroom en een snellere droogtijd! De Nano Fohn is voorzien van een 1400 Watt weinig geluid makende motor. De belangrijkste kenmerken: Negatieve ionen maken je haar zacht en glad 50% kortere droogtijd Far Infra Red System droogt het haar van binnen naar buiten Dubbel luchtstroom systeem voor sneller drogen Nano-zilver steriliseert en doodt bacteriën 1400 Watt rustige motor Garantie Chi Tools: Op de CHI tools geven wij levenslange garantie op het keramische gedeelte en 2 jaar Europese garantie op het elektronische gedeelte. (zolang de CHI tools geproduceerd en geleverd worden door onze fabrikant kunnen wij gebruik maken van deze regeling).;0.00;0;0;0;1;2017-03-23 16:15:29;;0;F391D9E6DCE51192E043401CBC59A0A2
3873;Manon Lescaut;0888751051997;12.00;;73;133;84;154;2;91;2000-01-01;2000-01-01;2000-01-01;24.95;24.95;24.95;1;46;178;nvt;0;0;0;;0.00;0;0;0;1;2017-03-23 14:56:49;;0;F391D9E6DCE51192E043401CBC59A0A2
3874;Jubileum t-shirt  DNO Dames;325030000086421;6.00;;85;133;84;183;2;91;2000-01-01;2000-01-01;2000-01-01;14.95;12.48;12.48;1;46;143;01;0;0;0;In verband met het 50-jarige jubileum van De Nationale Opera is dit t-shirt in beperkte oplage verkrijgbaar. ;0.00;0;0;0;1;2017-03-23 14:56:49;;0;F391D9E6DCE51192E043401CBC59A0A2
3875;N87;630507;175.00;;69;168;86;184;2;91;2000-01-01;2000-01-01;2000-01-01;259.95;259.95;259.95;1;46;178;nvt;0;0;0;Met de N87 heeft Nolan een top integraalhelm uitgebracht voor een zeer concurrerende prijs. Hij valt op door zijn sportief design in combinatie met een fantastische pasvorm. De polycarbonaat buitenschaal van de N87 is er in 2 verschillende maten, zodat de schaalgrootte perfect bij de maat van je hoofd past. Het uitstekende Air Booster ventilatiesysteem zorgt ervoor dat je hoofd lekker fris blijft. De Nolan N87 heeft een vernieuwd ultra wide vizier gekregen met een nieuw draaimechanisme, waardoor de al gemonteerde pinlock een veel breder zicht geeft, ook bij koud weer. Dit nieuwe systeem zorgt er ook voor dat het vizier niet per ongeluk open en dicht schiet. De N87 integraalhelm is bovendien voorzien van een VPS zonnevizier met UV400 bescherming. De helm sluit je met de nieuwe Microlock 2 snelsluiting. Ook is de N87 geschikt voor brildragers dankzij het Eyewear Adaptive Systeem. De verbeterde binnenvoering en wangstukken zijn natuurlijk te verwijderen en te wassen. De binnenvoering van de N87 is zeer comfortabel en duurzaam, mede dankzij de dubbel verstevigde voering. De Nolan N87 kun je uitrusten met de apart verkrijgbare Nolan N-Com B5L, B4 en B1.4 communicatiesystemen, die in de helm te integreren zijn. Ook kan het innovatieve ESS (Emergency Stop Signal) systeem van Nolan ingebouwd worden. Maar de helm is natuurlijk ook prima te combineren met een Cardo, Interphone of Sena communicatiesysteem. Nolan N87 features: Twee maten polycarbonaat buitenschaal Air Booster ventilatietechnologie Top- en kinventilatie Windstopper/kinflap Uitneem- en wasbare binnenvoering Dual action kinstuk (voor verhoogde veiligheid) Extra wijd helder vizier voor meer zicht Groter Pinlock voor meer zicht bijgeleverd Geintegreerd VPS zonnevizier Helder antikrasvizier Quick release viziermechanisme Microlock 2 Snelsluiting ECE 22.05 goedgekeurd voor motor/scooter/bromfiets Nolan N-COM B5L, B5 en B.4 systeem voorbereid Nolan ESS (Emerency Stop Signal) systeem voorberei;0.00;0;0;0;1;2017-03-23 14:56:49;;0;F391D9E6DCE51192E043401CBC59A0A2
3876;E1 Adventure;12121;70.00;;85;168;86;184;2;104;2000-01-01;2000-01-01;2000-01-01;729.95;729.95;729.95;1;46;178;11;0;0;0;;0.00;0;0;0;1;2017-03-23 14:56:49;;0;F391D9E6DCE51192E043401CBC59A0A2
3882;N104;131;0.00;;85;126;86;184;2;119;2000-01-01;2000-01-01;2000-01-01;349.95;349.95;349.95;1;40;178;12;0;0;1;;0.00;0;0;0;1;2017-03-23 14:57:17;;0;F391D9E6DCE51192E043401CBC59A0A2
3900;N104;123;20.00;;77;168;86;184;2;103;2000-01-01;2000-01-01;2000-01-01;349.95;40.00;40.00;1;40;178;10;0;0;0;;0.00;0;0;0;1;2017-03-23 14:56:49;;0;F391D9E6DCE51192E043401CBC59A0A2
3902;N87;123;20.00;;83;168;86;184;2;91;2000-01-01;2000-01-01;2000-01-01;259.95;40.00;40.00;1;46;178;10;0;0;0;;0.00;0;0;0;1;2017-03-23 14:58:17;;0;F391D9E6DCE51192E043401CBC59A0A2
3906;Productnaam;5262;50.00;;82;142;53;155;2;105;2000-01-01;2000-01-01;2000-01-01;100.00;100.00;100.00;1;40;160;10;0;0;0;;0.00;0;0;0;1;2017-03-23 14:56:49;;0;F391D9E6DCE51192E043401CBC59A0A2
3908;productnaam kassabon;betselnummer;10.00;;79;139;53;155;2;119;2000-01-01;2000-01-01;2000-01-01;30.00;30.00;30.00;1;44;178;1;0;0;0;;0.00;0;0;0;1;2017-03-23 14:58:17;;0;F391D9E6DCE51192E043401CBC59A0A2
3910;Diesel jeans;1026105;15.00;;70;126;22;146;2;103;2000-01-01;2000-01-01;2000-01-01;35.95;35.95;35.95;1;44;178;55;0;0;0;;0.00;0;0;0;1;2017-03-23 14:57:17;;0;F391D9E6DCE51192E043401CBC59A0A2
3912;Sneaker Tommy;31677998128789102ne0;56.00;;71;127;22;158;2;104;2000-01-01;2000-01-01;2000-01-01;179.00;179.00;179.00;1;40;178;99;0;0;0;;0.00;0;0;0;1;2017-03-23 14:56:49;;0;F391D9E6DCE51192E043401CBC59A0A2
3918;Sneaker Tommy;3167799;56.00;;71;127;22;158;2;104;2000-01-01;2000-01-01;2000-01-01;179.00;179.00;179.00;1;40;178;88;0;0;0;;0.00;0;0;0;1;2017-03-23 14:56:49;;0;F391D9E6DCE51192E043401CBC59A0A2
3920;123;12345678911234567892;10.00;;83;103;45;179;2;91;2000-01-01;2000-01-01;2000-01-01;150.00;150.00;150.00;1;44;145;1;0;0;0;;0.00;0;0;0;1;2017-03-23 14:56:49;;0;F391D9E6DCE51192E043401CBC59A0A2
3922;kinderwagen;11292;50.00;;73;118;39;108;2;98;2000-01-01;2000-01-01;2000-01-01;100.00;110.00;80.00;1;46;141;10;0;0;0;;0.00;0;0;0;1;2017-03-23 14:56:49;;0;F391D9E6DCE51192E043401CBC59A0A2
3936;Diesel jeans;1026105;15.00;;71;126;22;146;2;103;2000-01-01;2000-01-01;2000-01-01;35.95;35.95;35.95;1;44;178;99;0;0;0;;0.00;0;0;0;1;2017-03-23 14:56:49;;0;F391D9E6DCE51192E043401CBC59A0A2
3938;Aviator G1;PTR990-BAW;45.00;;70;139;22;146;2;91;2000-01-01;2000-01-01;2000-01-01;99.95;99.95;99.95;1;44;178;Jeans;0;0;0;Tested at high altitude, the PME Legend Aviator Generation 1 Jeans is an icon. This denim is known for its tough look yet comfortable to wear. The 5-pocket Aviator Jeans has a loose and straight fit,and is available in five unique PME Legend washings. This jeans is followed-up by the Aviator Generation 2, for a more modern fit. 100% cotton. Leg opening: 21 cm.;0.00;0;0;0;1;2017-03-23 14:58:17;;0;F391D9E6DCE51192E043401CBC59A0A2
3940;Aviator G1;PTR990-BAW;45.00;;70;139;22;146;2;91;2000-01-01;2000-01-01;2000-01-01;99.95;99.95;99.95;1;44;178;Jeans;0;0;0;;0.00;0;0;0;1;2017-03-24 10:20:16;;0;F391D9E6DCE51192E043401CBC59A0A2
3942;Lucia;Z17K50;25.00;;70;170;53;121;2;91;2000-01-01;2000-01-01;2000-01-01;59.95;59.95;59.95;1;44;144;1;0;0;0;;0.00;0;0;0;1;2017-03-23 16:35:12;;0;F391D9E6DCE51192E043401CBC59A0A2
3948;Lucia;Z17K50;25.00;;70;170;53;121;2;91;2000-01-01;2000-01-01;2000-01-01;59.95;59.95;59.95;1;48;144;1;0;1;0;;0.00;0;0;0;1;2017-02-24 10:46:17;;0;F391D9E6DCE51192E043401CBC59A0A2
3960;Hoge braadpan 28 cm;12345;200.00;;83;156;46;182;2;91;2000-01-01;2000-01-01;2000-01-01;310.22;310.22;310.22;1;46;196;Kersenrood;0;0;0;De hoge braad-/stoofpan van Le Creuset neemt weinig plaats in op het fornuis met 20 % meer inhoud (in vergelijking met een traditionele braad-/stoofpan van 28 cm). De braad-/ stoofpan van Le Creuset is gewoon onmisbaar voor het bereiden van uw stoofschotels. Deze veelzijdige pan is uw culinaire partner voor elke dag. Geëmailleerd gietijzer Gelijkmatige verdeling van de warmte van de bodem van de braad-/ stoofpan tot aan het deksel. Deksel sluit hermetisch af om een gelijkmatige warmte te behouden. Knop in roestvrij staal die bestand is tegen eender welke oventemperatuur. Handvatten speciaal ontworpen voor een goede grip. Ultragladde binnenkant voor een gemakkelijk onderhoud Geschikt voor alle warmtebronnen, inclusief inductie Uitzonderlijke duurzaamheid Levenslange garantie;349.00;0;0;0;1;2017-03-23 16:35:09;GEËMAILLEERD GIETIJZER,VAATWASSER VEILIG,GELIMITEERDE LEVENSLANGE GARANTIE,DIRECTE WARMTEBRON ELEKTRISCH GAS HALOGEEN INDUCTIE  OVEN RADIANT;0;F391D9E6DCE51192E043401CBC59A0A2
3963;Hoge braadpan 28 cm;123452;200.00;;101;156;46;182;2;91;2000-01-01;2000-01-01;2000-01-01;310.22;310.22;310.22;1;46;196;Cassis;0;0;0;De hoge braad-/stoofpan van Le Creuset neemt weinig plaats in op het fornuis met 20 % meer inhoud (in vergelijking met een traditionele braad-/stoofpan van 28 cm). De braad-/ stoofpan van Le Creuset is gewoon onmisbaar voor het bereiden van uw stoofschotels. Deze veelzijdige pan is uw culinaire partner voor elke dag. Geëmailleerd gietijzer Gelijkmatige verdeling van de warmte van de bodem van de braad-/ stoofpan tot aan het deksel. Deksel sluit hermetisch af om een gelijkmatige warmte te behouden. Knop in roestvrij staal die bestand is tegen eender welke oventemperatuur. Handvatten speciaal ontworpen voor een goede grip. Ultragladde binnenkant voor een gemakkelijk onderhoud Geschikt voor alle warmtebronnen, inclusief inductie Uitzonderlijke duurzaamheid Levenslange garantie;349.00;0;0;0;1;2017-03-23 16:35:08;GEËMAILLEERD GIETIJZER,VAATWASSER VEILIG,GELIMITEERDE LEVENSLANGE GARANTIE,DIRECTE WARMTEBRON ELEKTRISCH GAS HALOGEEN INDUCTIE  OVEN RADIANT;0;F391D9E6DCE51192E043401CBC59A0A2
3969;Tina;201766/99;49.99;;85;126;53;181;2;91;2000-01-01;2000-01-01;2000-01-01;124.98;124.98;124.98;1;44;178;99;0;0;0;;0.00;0;0;0;1;2017-03-23 16:35:07;;0;F391D9E6DCE51192E043401CBC59A0A2
3970;Tina;201766/88;49.99;;70;126;53;181;2;91;2000-01-01;2000-01-01;2000-01-01;124.98;124.98;124.98;1;44;178;88;0;0;0;;0.00;0;0;0;1;2017-03-23 16:38:09;;0;F391D9E6DCE51192E043401CBC59A0A2
3971;Inuz;20017187/88;12.00;;79;104;53;105;2;92;2000-01-01;2000-01-01;2000-01-01;29.95;29.95;29.95;1;44;145;88;0;0;0;;0.00;0;0;0;1;2017-04-25 13:55:51;;0;F391D9E6DCE51192E043401CBC59A0A2
3972;Inuz;20017187/77;12.00;;83;104;53;105;2;92;2000-01-01;2000-01-01;2000-01-01;29.95;29.95;29.95;1;44;145;77;0;0;0;;0.00;0;0;0;1;2017-04-25 13:55:51;;0;F391D9E6DCE51192E043401CBC59A0A2
3973;kraam 1;1;0.00;;73;166;39;127;2;127;2000-01-01;2000-01-01;2000-01-01;0.00;0.00;0.00;1;24;192;1;0;0;1;;0.00;0;0;0;1;2017-04-14 14:33:26;;0;F391D9E6DCE51192E043401CBC59A0A2
3975;Jurkje;10019189;22.00;;83;126;53;173;2;103;2000-01-01;2000-01-01;2000-01-01;62.80;62.80;62.80;1;44;178;nvt;0;0;0;;0.00;0;0;0;1;2017-04-26 09:37:23;;0;F391D9E6DCE51192E043401CBC59A0A2
3977;Craft Tees;992514-33;19.00;;85;175;22;121;2;129;2000-01-01;2000-01-01;2000-01-01;39.95;39.95;39.95;1;44;178;33;0;0;0;;0.00;0;0;0;1;2017-05-03 09:39:55;;0;F391D9E6DCE51192E043401CBC59A0A2
3978;naam;1234;10.00;;77;166;76;179;2;91;2000-01-01;2000-01-01;2000-01-01;20.00;20.00;20.00;1;44;141;10;0;0;0;;0.00;0;0;0;1;2017-05-05 14:27:17;;0;F391D9E6DCE51192E043401CBC59A0A2
3979;Shirt;10019189;22.00;;70;126;22;121;2;103;2000-01-01;2000-01-01;2000-01-01;62.80;62.80;62.80;1;44;178;nvt;0;0;0;;0.00;0;0;0;1;2017-05-05 15:18:09;;0;F391D9E6DCE51192E043401CBC59A0A2